0.1462962962962963, 1e-05, 0.0325, 1.6012345679012345, 6.246913580246914e-05, 0.5, 500.0, 997686.3225876297
0.05, 5e-06, 0.1, 1.2493827160493827, 4.722222222222223e-05, 0.3, 304.44444444444446, 997686.3350372276
0.9166666666666667, 5e-05, 0.060625000000000005, 0.1234567901234568, 3.432098765432099e-05, 0.3888888888888889, 225.0, 997686.3359693238
0.26666666666666666, 4.055555555555556e-05, 0.015625, 0.6864197530864198, 3.432098765432099e-05, 0.3222222222222222, 157.77777777777777, 997686.3360639124
0.4351851851851852, 2.5e-05, 0.015625, 0.19382716049382714, 9.691358024691358e-06, 0.3222222222222222, 225.0, 997686.3366212463
0.05, 1e-05, 0.0325, 0.47530864197530864, 2.3765432098765433e-05, 0.5, 157.77777777777777, 997686.3378413651
0.07407407407407407, 1e-05, 0.060625000000000005, 0.47530864197530864, 3.432098765432099e-05, 0.3, 60.0, 997686.3381850431
0.9166666666666667, 4.055555555555556e-05, 0.1, 0.47530864197530864, 3.432098765432099e-05, 0.3222222222222222, 396.1111111111111, 997686.3383904889
0.05, 5e-05, 0.0325, 1.2493827160493827, 8.006172839506173e-05, 0.3, 157.77777777777777, 997686.3385625434
0.05, 1.388888888888889e-05, 0.015625, 0.47530864197530864, 3.432098765432099e-05, 0.5, 102.77777777777777, 997686.3388267377
0.6518518518518519, 5e-05, 0.0325, 0.1, 6.246913580246914e-05, 0.3888888888888889, 157.77777777777777, 997686.3390372952
0.1462962962962963, 5e-05, 0.0325, 0.47530864197530864, 4.722222222222223e-05, 0.3, 60.0, 997686.3391196905
0.26666666666666666, 1.388888888888889e-05, 0.0325, 0.19382716049382714, 9.691358024691358e-06, 0.3222222222222222, 304.44444444444446, 997686.3401828902
0.26666666666666666, 1.388888888888889e-05, 0.060625000000000005, 1.2493827160493827, 8.006172839506173e-05, 0.5, 225.0, 997686.3403517641
0.9166666666666667, 4.055555555555556e-05, 0.01, 0.1, 4.722222222222223e-05, 0.3222222222222222, 500.0, 997686.3404431511
0.9166666666666667, 5e-05, 0.060625000000000005, 0.9444444444444443, 8.006172839506173e-05, 0.3222222222222222, 396.1111111111111, 997686.3407561076
0.9166666666666667, 5e-05, 0.0325, 0.3111111111111111, 6.246913580246914e-05, 0.3222222222222222, 396.1111111111111, 997686.3407561076
0.4351851851851852, 5e-05, 0.1, 0.1, 3.432098765432099e-05, 0.3, 60.0, 997686.3408565324
0.05, 1e-05, 0.060625000000000005, 0.3111111111111111, 1.555555555555556e-05, 0.3, 304.44444444444446, 997686.3409166423
0.1462962962962963, 1e-05, 0.1, 0.1234567901234568, 9.691358024691358e-06, 0.3, 102.77777777777777, 997686.3410887776
0.05, 5e-06, 0.015625, 0.1, 5e-06, 0.5, 157.77777777777777, 997686.341091577
0.6518518518518519, 5e-05, 0.015625, 0.1, 2.3765432098765433e-05, 0.3888888888888889, 225.0, 997686.341233491
0.1462962962962963, 7.222222222222223e-06, 0.1, 0.1234567901234568, 9.691358024691358e-06, 0.5, 304.44444444444446, 997686.3412669719
0.26666666666666666, 1.8888888888888893e-05, 0.015625, 0.1, 4.722222222222223e-05, 0.3222222222222222, 225.0, 997686.3413955469
0.1462962962962963, 1.388888888888889e-05, 0.01, 0.1234567901234568, 6.17283950617284e-06, 0.5, 304.44444444444446, 997686.3415663922
0.1462962962962963, 1e-05, 0.015625, 0.19382716049382714, 1.555555555555556e-05, 0.5, 225.0, 997686.3415757543
0.1462962962962963, 1.8888888888888893e-05, 0.015625, 0.1234567901234568, 9.691358024691358e-06, 0.3222222222222222, 102.77777777777777, 997686.3416013042
0.1462962962962963, 1.8888888888888893e-05, 0.015625, 0.9444444444444443, 4.722222222222223e-05, 0.3888888888888889, 396.1111111111111, 997686.3416410836
0.05, 5e-06, 0.0325, 0.1234567901234568, 8.006172839506173e-05, 0.3, 102.77777777777777, 997686.3418633834
0.07407407407407407, 7.222222222222223e-06, 0.01, 0.1234567901234568, 9.691358024691358e-06, 0.3, 157.77777777777777, 997686.3419753972
0.4351851851851852, 3.222222222222222e-05, 0.1, 0.3111111111111111, 2.3765432098765433e-05, 0.3, 304.44444444444446, 997686.341978333
0.07407407407407407, 1e-05, 0.060625000000000005, 0.1234567901234568, 0.0001, 0.3222222222222222, 102.77777777777777, 997686.3419811616
0.05, 5e-06, 0.01, 0.19382716049382714, 0.0001, 0.3222222222222222, 157.77777777777777, 997686.3419835775
0.1462962962962963, 1.8888888888888893e-05, 0.01, 0.1, 6.17283950617284e-06, 0.3888888888888889, 225.0, 997686.341990216
0.05, 5.555555555555556e-06, 0.0325, 0.1, 3.432098765432099e-05, 0.3888888888888889, 157.77777777777777, 997686.3419916043
0.1462962962962963, 1.8888888888888893e-05, 0.015625, 0.1, 0.0001, 0.5, 304.44444444444446, 997686.3419943259
0.1462962962962963, 2.5e-05, 0.01, 0.1, 0.0001, 0.3888888888888889, 157.77777777777777, 997686.3419943259
0.07407407407407407, 7.222222222222223e-06, 0.0325, 0.19382716049382714, 2.3765432098765433e-05, 0.5, 396.1111111111111, 997686.3419943259
0.07407407407407407, 2.5e-05, 0.015625, 0.19382716049382714, 4.722222222222223e-05, 0.3222222222222222, 396.1111111111111, 997686.3419943259
0.26666666666666666, 5e-05, 0.1, 0.9444444444444443, 0.0001, 0.3222222222222222, 396.1111111111111, 997686.3419943259
0.05, 1.388888888888889e-05, 0.0325, 0.6864197530864198, 6.246913580246914e-05, 0.5, 225.0, 997686.3419943259
0.1462962962962963, 1e-05, 0.01, 0.1, 5e-06, 0.3888888888888889, 500.0, 997686.3419943259
0.07407407407407407, 5e-05, 0.0325, 0.47530864197530864, 3.432098765432099e-05, 0.3222222222222222, 500.0, 997686.3419943259
0.05, 4.055555555555556e-05, 0.01, 0.47530864197530864, 0.0001, 0.3888888888888889, 60.0, 997686.3419943259
0.07407407407407407, 3.222222222222222e-05, 0.060625000000000005, 0.1234567901234568, 6.246913580246914e-05, 0.3888888888888889, 396.1111111111111, 997686.3419943259
0.1462962962962963, 5e-05, 0.01, 0.19382716049382714, 0.0001, 0.3888888888888889, 60.0, 997686.3419943259
0.05, 4.055555555555556e-05, 0.060625000000000005, 0.1, 8.006172839506173e-05, 0.5, 157.77777777777777, 997686.3419943259
0.07407407407407407, 4.055555555555556e-05, 0.060625000000000005, 0.1, 8.006172839506173e-05, 0.5, 29.444444444444443, 997686.3419943259
0.07407407407407407, 1.388888888888889e-05, 0.060625000000000005, 0.3111111111111111, 3.432098765432099e-05, 0.3, 157.77777777777777, 997686.3419943259
0.05, 1e-05, 0.01, 1.2493827160493827, 6.246913580246914e-05, 0.3222222222222222, 500.0, 997686.3419943259
0.05, 1e-05, 0.060625000000000005, 0.1234567901234568, 4.722222222222223e-05, 0.5, 396.1111111111111, 997686.3419943259
0.07407407407407407, 3.222222222222222e-05, 0.0325, 0.47530864197530864, 8.006172839506173e-05, 0.3, 304.44444444444446, 997686.3419943259
0.07407407407407407, 5e-05, 0.015625, 0.47530864197530864, 3.432098765432099e-05, 0.3222222222222222, 500.0, 997686.3419943259
0.1462962962962963, 3.222222222222222e-05, 0.060625000000000005, 0.1234567901234568, 1.555555555555556e-05, 0.3222222222222222, 500.0, 997686.3419943259
0.4351851851851852, 3.222222222222222e-05, 0.060625000000000005, 0.1234567901234568, 1.555555555555556e-05, 0.3222222222222222, 500.0, 997686.3419943259
0.4351851851851852, 5e-05, 0.015625, 0.19382716049382714, 4.722222222222223e-05, 0.3222222222222222, 225.0, 997686.3419943259
0.26666666666666666, 5e-05, 0.060625000000000005, 0.19382716049382714, 6.246913580246914e-05, 0.3222222222222222, 304.44444444444446, 997686.3419943259
0.07407407407407407, 1.388888888888889e-05, 0.0325, 0.1234567901234568, 1.555555555555556e-05, 0.3, 396.1111111111111, 997686.3419943259
0.07407407407407407, 5.555555555555556e-06, 0.1, 0.6864197530864198, 4.722222222222223e-05, 0.3888888888888889, 500.0, 997686.3419943259
0.07407407407407407, 1.8888888888888893e-05, 0.01, 0.19382716049382714, 4.722222222222223e-05, 0.3, 396.1111111111111, 997686.3419943259
0.07407407407407407, 4.055555555555556e-05, 0.060625000000000005, 0.19382716049382714, 6.246913580246914e-05, 0.3222222222222222, 396.1111111111111, 997686.3419943259
0.4351851851851852, 4.055555555555556e-05, 0.01, 0.9444444444444443, 0.0001, 0.3222222222222222, 500.0, 997686.3419943259
0.05, 5e-05, 0.015625, 0.19382716049382714, 4.722222222222223e-05, 0.3222222222222222, 225.0, 997686.3419943259
0.07407407407407407, 2.5e-05, 0.060625000000000005, 0.3111111111111111, 6.246913580246914e-05, 0.3222222222222222, 157.77777777777777, 997686.3419943259
0.05, 1.388888888888889e-05, 0.015625, 0.3111111111111111, 0.0001, 0.3, 29.444444444444443, 997686.3419943259
0.05, 5e-05, 0.0325, 0.1234567901234568, 3.432098765432099e-05, 0.3888888888888889, 225.0, 997686.3419943259
0.07407407407407407, 3.222222222222222e-05, 0.1, 0.19382716049382714, 6.246913580246914e-05, 0.3222222222222222, 225.0, 997686.3419943259
0.05, 1.388888888888889e-05, 0.01, 0.3111111111111111, 6.246913580246914e-05, 0.3888888888888889, 157.77777777777777, 997686.3419943259
0.07407407407407407, 7.222222222222223e-06, 0.0325, 0.19382716049382714, 4.722222222222223e-05, 0.3222222222222222, 500.0, 997686.3419943259
0.07407407407407407, 3.222222222222222e-05, 0.015625, 0.1234567901234568, 3.432098765432099e-05, 0.5, 29.444444444444443, 997686.3419943259
0.26666666666666666, 5e-05, 0.1, 1.2493827160493827, 8.006172839506173e-05, 0.3222222222222222, 500.0, 997686.3419943259
0.26666666666666666, 3.222222222222222e-05, 0.0325, 0.3111111111111111, 3.432098765432099e-05, 0.3888888888888889, 157.77777777777777, 997686.3419943259
0.05, 5.555555555555556e-06, 0.0325, 0.1234567901234568, 6.246913580246914e-05, 0.5, 225.0, 997686.3419943259
0.4351851851851852, 5e-05, 0.015625, 0.1234567901234568, 1.555555555555556e-05, 0.5, 157.77777777777777, 997686.3419943259
0.05, 5.555555555555556e-06, 0.060625000000000005, 0.47530864197530864, 8.006172839506173e-05, 0.3222222222222222, 225.0, 997686.3419943259
0.07407407407407407, 5e-05, 0.01, 0.19382716049382714, 4.722222222222223e-05, 0.5, 225.0, 997686.3419943259
0.07407407407407407, 5e-05, 0.1, 0.1, 0.0001, 0.3, 11.11111111111111, 997686.3419943259
0.05, 2.5e-05, 0.01, 0.3111111111111111, 3.432098765432099e-05, 0.3222222222222222, 304.44444444444446, 997686.3419943259
0.07407407407407407, 7.222222222222223e-06, 0.0325, 0.3111111111111111, 6.246913580246914e-05, 0.5, 225.0, 997686.3419943259
0.07407407407407407, 1e-05, 0.060625000000000005, 0.6864197530864198, 3.432098765432099e-05, 0.3222222222222222, 500.0, 997686.3419943259
0.4351851851851852, 5e-05, 0.1, 0.1, 4.722222222222223e-05, 0.3888888888888889, 396.1111111111111, 997686.3419943259
0.6518518518518519, 4.055555555555556e-05, 0.0325, 0.47530864197530864, 6.246913580246914e-05, 0.5, 500.0, 997686.3419943259
0.07407407407407407, 1.8888888888888893e-05, 0.1, 0.47530864197530864, 3.432098765432099e-05, 0.3222222222222222, 225.0, 997686.3419943259
0.07407407407407407, 1e-05, 0.015625, 0.1, 4.722222222222223e-05, 0.3, 304.44444444444446, 997686.3419943259
0.4351851851851852, 4.055555555555556e-05, 0.1, 0.19382716049382714, 8.006172839506173e-05, 0.5, 396.1111111111111, 997686.3419943259
0.07407407407407407, 4.055555555555556e-05, 0.060625000000000005, 0.1, 6.246913580246914e-05, 0.3, 225.0, 997686.3419943259
0.05, 5e-06, 0.060625000000000005, 0.1234567901234568, 4.722222222222223e-05, 0.3888888888888889, 29.444444444444443, 997686.3477318136
0.6518518518518519, 2.5e-05, 0.0325, 0.6864197530864198, 6.246913580246914e-05, 0.3222222222222222, 396.1111111111111, 997686.3481477123
0.6518518518518519, 2.5e-05, 0.0325, 0.9444444444444443, 0.0001, 0.3888888888888889, 396.1111111111111, 997686.3481477123
1.2296296296296296, 5e-05, 0.1, 0.19382716049382714, 1.555555555555556e-05, 0.5, 304.44444444444446, 997686.3487663715
0.6518518518518519, 4.055555555555556e-05, 0.015625, 0.47530864197530864, 0.0001, 0.3888888888888889, 102.77777777777777, 997686.3495089638
0.07407407407407407, 7.222222222222223e-06, 0.015625, 0.3111111111111111, 6.246913580246914e-05, 0.5, 29.444444444444443, 997686.351825184
0.4351851851851852, 5e-05, 0.0325, 0.47530864197530864, 4.722222222222223e-05, 0.3222222222222222, 29.444444444444443, 997686.3536855411
0.1462962962962963, 7.222222222222223e-06, 0.1, 1.6012345679012345, 0.0001, 0.3888888888888889, 102.77777777777777, 997686.3551533718
0.6518518518518519, 3.222222222222222e-05, 0.0325, 0.6864197530864198, 6.246913580246914e-05, 0.3888888888888889, 157.77777777777777, 997686.3559768081
0.07407407407407407, 5e-05, 0.0325, 0.3111111111111111, 0.0001, 0.3, 5.0, 997686.3573233545
0.1462962962962963, 1.388888888888889e-05, 0.015625, 0.47530864197530864, 6.246913580246914e-05, 0.3888888888888889, 29.444444444444443, 997686.3606210186
0.6518518518518519, 5e-05, 0.060625000000000005, 0.9444444444444443, 3.432098765432099e-05, 0.3888888888888889, 396.1111111111111, 997686.3710464512
0.26666666666666666, 1.388888888888889e-05, 0.060625000000000005, 0.19382716049382714, 1.555555555555556e-05, 0.3222222222222222, 102.77777777777777, 997686.3721702802
0.26666666666666666, 1.388888888888889e-05, 0.060625000000000005, 0.3111111111111111, 4.722222222222223e-05, 0.5, 102.77777777777777, 997686.3725875572
0.05, 5e-05, 0.015625, 0.47530864197530864, 2.3765432098765433e-05, 0.3, 102.77777777777777, 997686.3749421524
0.05, 5.555555555555556e-06, 0.060625000000000005, 0.1234567901234568, 2.3765432098765433e-05, 0.3888888888888889, 11.11111111111111, 997686.3753132455
0.1462962962962963, 3.222222222222222e-05, 0.060625000000000005, 0.6864197530864198, 0.0001, 0.3222222222222222, 11.11111111111111, 997686.3824844317
0.05, 5e-06, 0.0325, 1.6012345679012345, 6.246913580246914e-05, 0.5, 225.0, 997686.385381979
0.05, 7.222222222222223e-06, 0.1, 0.1, 4.722222222222223e-05, 0.3222222222222222, 5.0, 997686.4046387135
1.2296296296296296, 5e-05, 0.0325, 0.19382716049382714, 8.006172839506173e-05, 0.3222222222222222, 225.0, 997686.4060452624
1.2296296296296296, 5e-05, 0.0325, 0.1234567901234568, 3.432098765432099e-05, 0.3, 225.0, 997686.4060452624
0.07407407407407407, 3.222222222222222e-05, 0.01, 0.1, 9.691358024691358e-06, 0.3, 11.11111111111111, 997686.4160697919
0.07407407407407407, 7.222222222222223e-06, 0.1, 0.19382716049382714, 8.006172839506173e-05, 0.3888888888888889, 11.11111111111111, 997686.4230799028
0.1462962962962963, 1e-05, 0.060625000000000005, 0.1, 9.691358024691358e-06, 0.5, 29.444444444444443, 997686.436366425
0.1462962962962963, 5e-06, 0.0325, 0.19382716049382714, 8.006172839506173e-05, 0.3222222222222222, 157.77777777777777, 997686.4401609201
0.05, 1e-05, 0.1, 1.6012345679012345, 8.006172839506173e-05, 0.3888888888888889, 102.77777777777777, 997686.4409777337
0.1462962962962963, 2.5e-05, 0.0325, 0.1, 0.0001, 0.3, 5.0, 997686.4441473965
0.1462962962962963, 5e-06, 0.0325, 0.9444444444444443, 3.432098765432099e-05, 0.5, 304.44444444444446, 997686.4469365791
0.26666666666666666, 3.222222222222222e-05, 0.0325, 0.47530864197530864, 0.0001, 0.3222222222222222, 11.11111111111111, 997686.4635603759
0.6518518518518519, 3.222222222222222e-05, 0.0325, 0.3111111111111111, 6.246913580246914e-05, 0.3, 102.77777777777777, 997686.467460853
0.6518518518518519, 3.222222222222222e-05, 0.015625, 0.19382716049382714, 3.432098765432099e-05, 0.3222222222222222, 102.77777777777777, 997686.467460853
0.26666666666666666, 1.388888888888889e-05, 0.015625, 0.1, 6.246913580246914e-05, 0.3, 60.0, 997686.4982918837
0.26666666666666666, 3.222222222222222e-05, 0.015625, 0.9444444444444443, 3.432098765432099e-05, 0.3222222222222222, 225.0, 997686.4985751023
0.4351851851851852, 2.5e-05, 0.015625, 0.1, 2.3765432098765433e-05, 0.3888888888888889, 60.0, 997686.5007564173
0.6518518518518519, 3.222222222222222e-05, 0.1, 0.6864197530864198, 2.3765432098765433e-05, 0.3888888888888889, 304.44444444444446, 997686.5131344076
0.4351851851851852, 1.8888888888888893e-05, 0.01, 0.6864197530864198, 2.3765432098765433e-05, 0.3222222222222222, 304.44444444444446, 997686.5152513573
0.4351851851851852, 2.5e-05, 0.0325, 1.6012345679012345, 6.246913580246914e-05, 0.5, 157.77777777777777, 997686.516605536
0.4351851851851852, 1.8888888888888893e-05, 0.01, 0.3111111111111111, 8.006172839506173e-05, 0.5, 102.77777777777777, 997686.521874282
0.1462962962962963, 5e-06, 0.015625, 0.3111111111111111, 4.722222222222223e-05, 0.3888888888888889, 102.77777777777777, 997686.5387050086
0.26666666666666666, 1.8888888888888893e-05, 0.1, 0.47530864197530864, 1.555555555555556e-05, 0.3888888888888889, 396.1111111111111, 997686.541533847
0.6518518518518519, 2.5e-05, 0.060625000000000005, 0.6864197530864198, 4.722222222222223e-05, 0.3, 157.77777777777777, 997686.5583437192
0.1462962962962963, 1e-05, 0.015625, 0.19382716049382714, 6.17283950617284e-06, 0.3222222222222222, 225.0, 997686.5734192625
0.26666666666666666, 5e-05, 0.060625000000000005, 0.19382716049382714, 6.17283950617284e-06, 0.3, 225.0, 997686.5738361084
0.07407407407407407, 4.055555555555556e-05, 0.015625, 0.1234567901234568, 1.555555555555556e-05, 0.3222222222222222, 5.0, 997686.6033790677
0.26666666666666666, 7.222222222222223e-06, 0.015625, 0.3111111111111111, 2.3765432098765433e-05, 0.5, 396.1111111111111, 997686.6218270755
0.6518518518518519, 1.8888888888888893e-05, 0.060625000000000005, 0.1234567901234568, 5e-06, 0.3888888888888889, 396.1111111111111, 997686.6828371522
0.6518518518518519, 1.8888888888888893e-05, 0.015625, 0.1234567901234568, 3.432098765432099e-05, 0.3888888888888889, 396.1111111111111, 997686.6849651353
0.1462962962962963, 7.222222222222223e-06, 0.01, 0.19382716049382714, 8.006172839506173e-05, 0.3222222222222222, 29.444444444444443, 997686.6996174837
1.5907407407407408, 5e-05, 0.060625000000000005, 0.3111111111111111, 1.555555555555556e-05, 0.3888888888888889, 396.1111111111111, 997686.7721569099
0.1462962962962963, 4.055555555555556e-05, 0.1, 0.3111111111111111, 1.555555555555556e-05, 0.3, 29.444444444444443, 997686.7748168891
0.9166666666666667, 5e-05, 0.060625000000000005, 0.3111111111111111, 3.432098765432099e-05, 0.3222222222222222, 60.0, 997686.780302161
0.9166666666666667, 2.5e-05, 0.0325, 0.47530864197530864, 4.722222222222223e-05, 0.3888888888888889, 500.0, 997686.8103039449
0.4351851851851852, 4.055555555555556e-05, 0.01, 2.0, 0.0001, 0.3222222222222222, 60.0, 997686.8139434449
0.26666666666666666, 4.055555555555556e-05, 0.060625000000000005, 2.0, 0.0001, 0.3888888888888889, 60.0, 997686.8142957925
0.4351851851851852, 1.8888888888888893e-05, 0.0325, 0.19382716049382714, 3.432098765432099e-05, 0.3222222222222222, 60.0, 997686.8353696873
0.26666666666666666, 4.055555555555556e-05, 0.015625, 1.2493827160493827, 4.722222222222223e-05, 0.3, 102.77777777777777, 997686.9397520034
1.5907407407407408, 5e-05, 0.01, 0.47530864197530864, 8.006172839506173e-05, 0.3888888888888889, 304.44444444444446, 997686.9418227486
0.26666666666666666, 7.222222222222223e-06, 0.1, 0.47530864197530864, 6.246913580246914e-05, 0.3, 225.0, 997686.943334196
0.26666666666666666, 4.055555555555556e-05, 0.1, 0.3111111111111111, 4.722222222222223e-05, 0.3222222222222222, 5.0, 997686.9437425453
0.4351851851851852, 4.055555555555556e-05, 0.01, 0.6864197530864198, 0.0001, 0.3222222222222222, 11.11111111111111, 997686.9449992815
0.4351851851851852, 2.5e-05, 0.015625, 0.47530864197530864, 3.432098765432099e-05, 0.3222222222222222, 29.444444444444443, 997687.0403143803
0.07407407407407407, 5e-06, 0.01, 0.19382716049382714, 8.006172839506173e-05, 0.3222222222222222, 5.0, 997687.073672575
0.4351851851851852, 4.055555555555556e-05, 0.01, 0.3111111111111111, 9.691358024691358e-06, 0.3, 102.77777777777777, 997687.0876885665
0.07407407407407407, 5e-06, 0.015625, 0.47530864197530864, 1.555555555555556e-05, 0.3222222222222222, 102.77777777777777, 997687.0904448698
0.05, 1.8888888888888893e-05, 0.060625000000000005, 0.47530864197530864, 6.246913580246914e-05, 0.3, 5.0, 997687.2016349696
0.1462962962962963, 5.555555555555556e-06, 0.01, 0.1, 0.0001, 0.3222222222222222, 29.444444444444443, 997687.2138287938
1.5907407407407408, 5e-05, 0.015625, 0.1234567901234568, 1.555555555555556e-05, 0.3222222222222222, 225.0, 997687.2568809417
0.1462962962962963, 4.055555555555556e-05, 0.01, 0.19382716049382714, 5e-06, 0.3888888888888889, 396.1111111111111, 997687.2678578944
1.2296296296296296, 3.222222222222222e-05, 0.015625, 0.3111111111111111, 1.555555555555556e-05, 0.3888888888888889, 500.0, 997687.2864505847
0.9166666666666667, 4.055555555555556e-05, 0.01, 1.2493827160493827, 8.006172839506173e-05, 0.3222222222222222, 60.0, 997687.3821608075
0.9166666666666667, 3.222222222222222e-05, 0.0325, 0.9444444444444443, 4.722222222222223e-05, 0.5, 102.77777777777777, 997687.4494299085
0.07407407407407407, 7.222222222222223e-06, 0.0325, 0.47530864197530864, 6.246913580246914e-05, 0.3888888888888889, 5.0, 997687.5091624694
0.6518518518518519, 4.055555555555556e-05, 0.1, 0.19382716049382714, 5e-06, 0.3888888888888889, 225.0, 997687.5208761101
0.1462962962962963, 5e-06, 0.015625, 0.1234567901234568, 0.0001, 0.3888888888888889, 29.444444444444443, 997687.5344892115
0.1462962962962963, 5e-06, 0.01, 0.1, 4.722222222222223e-05, 0.3, 29.444444444444443, 997687.5344892115
0.05, 3.222222222222222e-05, 0.1, 0.19382716049382714, 1.555555555555556e-05, 0.3888888888888889, 5.0, 997687.658834073
0.05, 2.5e-05, 0.1, 0.9444444444444443, 3.432098765432099e-05, 0.5, 60.0, 997687.7535071445
0.1462962962962963, 7.222222222222223e-06, 0.01, 0.6864197530864198, 0.0001, 0.3888888888888889, 11.11111111111111, 997687.8043569705
1.2296296296296296, 3.222222222222222e-05, 0.01, 1.2493827160493827, 6.246913580246914e-05, 0.5, 396.1111111111111, 997687.8090357594
1.5907407407407408, 4.055555555555556e-05, 0.060625000000000005, 0.19382716049382714, 3.432098765432099e-05, 0.3222222222222222, 500.0, 997687.8244282454
0.26666666666666666, 7.222222222222223e-06, 0.060625000000000005, 0.19382716049382714, 5e-06, 0.3222222222222222, 304.44444444444446, 997687.8361793715
0.07407407407407407, 5.555555555555556e-06, 0.1, 0.47530864197530864, 3.432098765432099e-05, 0.3222222222222222, 11.11111111111111, 997687.8402241713
0.1462962962962963, 2.5e-05, 0.0325, 1.6012345679012345, 4.722222222222223e-05, 0.3, 500.0, 997687.9337847852
0.9166666666666667, 4.055555555555556e-05, 0.1, 0.19382716049382714, 6.17283950617284e-06, 0.3888888888888889, 60.0, 997688.0032212106
0.4351851851851852, 1e-05, 0.060625000000000005, 2.0, 0.0001, 0.5, 304.44444444444446, 997688.0142387773
0.26666666666666666, 5.555555555555556e-06, 0.01, 0.19382716049382714, 1.555555555555556e-05, 0.5, 396.1111111111111, 997688.0203221999
0.9166666666666667, 2.5e-05, 0.0325, 1.2493827160493827, 8.006172839506173e-05, 0.3, 225.0, 997688.0244045433
0.6518518518518519, 5e-05, 0.060625000000000005, 0.1234567901234568, 2.3765432098765433e-05, 0.3222222222222222, 11.11111111111111, 997688.0291362478
1.2296296296296296, 5e-05, 0.01, 0.1, 5e-06, 0.3, 60.0, 997688.1033696082
1.2296296296296296, 4.055555555555556e-05, 0.015625, 0.47530864197530864, 6.246913580246914e-05, 0.5, 102.77777777777777, 997688.1136485662
1.2296296296296296, 3.222222222222222e-05, 0.1, 0.6864197530864198, 6.246913580246914e-05, 0.3, 304.44444444444446, 997688.3080904126
0.26666666666666666, 7.222222222222223e-06, 0.0325, 0.1234567901234568, 9.691358024691358e-06, 0.3888888888888889, 60.0, 997688.3832387585
0.26666666666666666, 5.555555555555556e-06, 0.01, 0.3111111111111111, 3.432098765432099e-05, 0.3888888888888889, 304.44444444444446, 997688.4170994326
0.26666666666666666, 5.555555555555556e-06, 0.0325, 2.0, 6.246913580246914e-05, 0.3222222222222222, 500.0, 997688.5456786242
0.9166666666666667, 3.222222222222222e-05, 0.015625, 0.6864197530864198, 8.006172839506173e-05, 0.3, 60.0, 997688.77268751
0.1462962962962963, 4.055555555555556e-05, 0.01, 0.3111111111111111, 1.555555555555556e-05, 0.3, 11.11111111111111, 997688.8228325375
0.6518518518518519, 1.388888888888889e-05, 0.015625, 0.1234567901234568, 5e-06, 0.5, 500.0, 997688.8267397525
0.6518518518518519, 1.388888888888889e-05, 0.01, 0.1234567901234568, 5e-06, 0.3888888888888889, 500.0, 997688.8267397525
0.26666666666666666, 5.555555555555556e-06, 0.015625, 0.9444444444444443, 3.432098765432099e-05, 0.3222222222222222, 225.0, 997688.9855558306
0.1462962962962963, 5.555555555555556e-06, 0.060625000000000005, 0.47530864197530864, 4.722222222222223e-05, 0.3888888888888889, 11.11111111111111, 997689.2260236897
0.6518518518518519, 1.388888888888889e-05, 0.015625, 0.47530864197530864, 3.432098765432099e-05, 0.3222222222222222, 396.1111111111111, 997689.3946417856
0.05, 5e-05, 0.01, 0.19382716049382714, 9.691358024691358e-06, 0.3222222222222222, 5.0, 997689.6009505054
0.26666666666666666, 2.5e-05, 0.060625000000000005, 0.1234567901234568, 6.17283950617284e-06, 0.5, 5.0, 997689.6440947298
0.9166666666666667, 2.5e-05, 0.01, 0.9444444444444443, 0.0001, 0.5, 102.77777777777777, 997689.7610240217
0.9166666666666667, 2.5e-05, 0.01, 0.3111111111111111, 3.432098765432099e-05, 0.3888888888888889, 102.77777777777777, 997689.7610274941
0.07407407407407407, 5e-05, 0.01, 0.9444444444444443, 2.3765432098765433e-05, 0.5, 500.0, 997689.7933561828
1.5907407407407408, 4.055555555555556e-05, 0.060625000000000005, 0.6864197530864198, 0.0001, 0.5, 225.0, 997689.8228690453
0.1462962962962963, 5e-06, 0.0325, 0.47530864197530864, 4.722222222222223e-05, 0.3888888888888889, 11.11111111111111, 997689.853500402
0.6518518518518519, 2.5e-05, 0.0325, 0.1234567901234568, 1.555555555555556e-05, 0.3222222222222222, 29.444444444444443, 997689.9795901855
0.6518518518518519, 4.055555555555556e-05, 0.01, 0.47530864197530864, 4.722222222222223e-05, 0.3, 11.11111111111111, 997689.9879254268
0.6518518518518519, 1.388888888888889e-05, 0.060625000000000005, 1.6012345679012345, 8.006172839506173e-05, 0.3888888888888889, 304.44444444444446, 997690.1348755532
0.6518518518518519, 2.5e-05, 0.060625000000000005, 0.6864197530864198, 4.722222222222223e-05, 0.3222222222222222, 29.444444444444443, 997690.1376833032
0.6518518518518519, 1.388888888888889e-05, 0.0325, 0.1, 5e-06, 0.5, 304.44444444444446, 997690.1400500594
0.6518518518518519, 1.388888888888889e-05, 0.01, 0.19382716049382714, 0.0001, 0.5, 304.44444444444446, 997690.1403966616
1.2296296296296296, 4.055555555555556e-05, 0.1, 0.1, 9.691358024691358e-06, 0.3, 60.0, 997690.257093437
0.05, 3.222222222222222e-05, 0.0325, 1.2493827160493827, 3.432098765432099e-05, 0.3, 157.77777777777777, 997690.3114976279
0.9166666666666667, 1.8888888888888893e-05, 0.01, 0.3111111111111111, 1.555555555555556e-05, 0.3, 500.0, 997690.3901876583
0.6518518518518519, 5e-05, 0.060625000000000005, 0.47530864197530864, 1.555555555555556e-05, 0.3, 29.444444444444443, 997690.4764018226
0.05, 3.222222222222222e-05, 0.01, 0.9444444444444443, 2.3765432098765433e-05, 0.3222222222222222, 304.44444444444446, 997690.7401560502
0.26666666666666666, 1.8888888888888893e-05, 0.1, 0.9444444444444443, 3.432098765432099e-05, 0.3888888888888889, 29.444444444444443, 997691.2076953226
0.05, 1.8888888888888893e-05, 0.060625000000000005, 1.2493827160493827, 3.432098765432099e-05, 0.3888888888888889, 102.77777777777777, 997691.3225333373
1.2296296296296296, 4.055555555555556e-05, 0.01, 0.3111111111111111, 6.17283950617284e-06, 0.3888888888888889, 500.0, 997691.7746394929
1.2296296296296296, 2.5e-05, 0.060625000000000005, 0.19382716049382714, 9.691358024691358e-06, 0.3888888888888889, 500.0, 997691.7809128652
0.26666666666666666, 5.555555555555556e-06, 0.0325, 0.47530864197530864, 6.246913580246914e-05, 0.3888888888888889, 60.0, 997691.7972677363
0.26666666666666666, 4.055555555555556e-05, 0.060625000000000005, 1.6012345679012345, 6.246913580246914e-05, 0.3888888888888889, 29.444444444444443, 997691.8623631585
0.6518518518518519, 1.388888888888889e-05, 0.1, 0.6864197530864198, 6.246913580246914e-05, 0.3222222222222222, 157.77777777777777, 997691.8799568005
0.1462962962962963, 5.555555555555556e-06, 0.1, 0.6864197530864198, 1.555555555555556e-05, 0.3222222222222222, 304.44444444444446, 997692.2313046724
0.9166666666666667, 1.8888888888888893e-05, 0.0325, 0.47530864197530864, 2.3765432098765433e-05, 0.3222222222222222, 304.44444444444446, 997692.2995600501
0.05, 5.555555555555556e-06, 0.060625000000000005, 0.3111111111111111, 6.17283950617284e-06, 0.3, 304.44444444444446, 997692.4304862197
0.6518518518518519, 3.222222222222222e-05, 0.1, 0.19382716049382714, 6.246913580246914e-05, 0.5, 11.11111111111111, 997692.5379095126
1.2296296296296296, 2.5e-05, 0.060625000000000005, 0.1234567901234568, 8.006172839506173e-05, 0.3888888888888889, 396.1111111111111, 997692.9627113837
0.9166666666666667, 1.8888888888888893e-05, 0.1, 0.1, 6.17283950617284e-06, 0.3222222222222222, 225.0, 997693.3740631174
0.26666666666666666, 1.388888888888889e-05, 0.015625, 1.6012345679012345, 4.722222222222223e-05, 0.3, 60.0, 997693.4097053427
0.6518518518518519, 3.222222222222222e-05, 0.0325, 1.6012345679012345, 4.722222222222223e-05, 0.3888888888888889, 60.0, 997693.7034345181
0.05, 5e-05, 0.0325, 2.0, 4.722222222222223e-05, 0.3888888888888889, 396.1111111111111, 997694.2833654676
0.05, 1.388888888888889e-05, 0.0325, 0.6864197530864198, 1.555555555555556e-05, 0.3222222222222222, 102.77777777777777, 997694.3956093381
0.4351851851851852, 2.5e-05, 0.1, 0.6864197530864198, 1.555555555555556e-05, 0.3222222222222222, 102.77777777777777, 997694.4148321601
0.1462962962962963, 1.388888888888889e-05, 0.060625000000000005, 0.19382716049382714, 6.17283950617284e-06, 0.3, 5.0, 997694.4706578437
0.4351851851851852, 7.222222222222223e-06, 0.0325, 0.9444444444444443, 6.246913580246914e-05, 0.3, 304.44444444444446, 997694.8698010307
2.0, 4.055555555555556e-05, 0.060625000000000005, 0.9444444444444443, 3.432098765432099e-05, 0.3, 396.1111111111111, 997695.5340891111
1.5907407407407408, 3.222222222222222e-05, 0.0325, 1.2493827160493827, 8.006172839506173e-05, 0.3, 304.44444444444446, 997695.8189798965
0.26666666666666666, 7.222222222222223e-06, 0.0325, 0.47530864197530864, 9.691358024691358e-06, 0.3, 157.77777777777777, 997695.8685401424
0.9166666666666667, 2.5e-05, 0.060625000000000005, 2.0, 4.722222222222223e-05, 0.5, 225.0, 997696.1519416509
0.07407407407407407, 1.8888888888888893e-05, 0.015625, 0.3111111111111111, 6.17283950617284e-06, 0.3888888888888889, 60.0, 997696.6071171974
1.2296296296296296, 3.222222222222222e-05, 0.015625, 0.47530864197530864, 9.691358024691358e-06, 0.3, 225.0, 997696.8825256361
0.9166666666666667, 1.8888888888888893e-05, 0.015625, 0.3111111111111111, 3.432098765432099e-05, 0.3, 102.77777777777777, 997696.9464902654
0.4351851851851852, 7.222222222222223e-06, 0.015625, 1.6012345679012345, 8.006172839506173e-05, 0.3, 157.77777777777777, 997697.2266404156
1.5907407407407408, 4.055555555555556e-05, 0.015625, 1.6012345679012345, 0.0001, 0.3, 60.0, 997697.9530048642
0.26666666666666666, 2.5e-05, 0.01, 1.6012345679012345, 3.432098765432099e-05, 0.3, 225.0, 997698.0736954949
2.0, 4.055555555555556e-05, 0.060625000000000005, 0.47530864197530864, 4.722222222222223e-05, 0.3, 225.0, 997698.2429184518
0.6518518518518519, 1e-05, 0.01, 0.19382716049382714, 8.006172839506173e-05, 0.3888888888888889, 500.0, 997698.4636652848
0.9166666666666667, 4.055555555555556e-05, 0.1, 1.6012345679012345, 3.432098765432099e-05, 0.5, 157.77777777777777, 997699.0756176095
0.9166666666666667, 2.5e-05, 0.0325, 0.3111111111111111, 5e-06, 0.3888888888888889, 396.1111111111111, 997700.3027763715
1.5907407407407408, 5e-05, 0.060625000000000005, 0.6864197530864198, 8.006172839506173e-05, 0.3222222222222222, 29.444444444444443, 997700.9657345482
0.05, 1e-05, 0.015625, 0.9444444444444443, 4.722222222222223e-05, 0.3, 5.0, 997701.7818086224
0.07407407407407407, 4.055555555555556e-05, 0.01, 1.6012345679012345, 3.432098765432099e-05, 0.3888888888888889, 102.77777777777777, 997701.8441849662
0.1462962962962963, 5.555555555555556e-06, 0.060625000000000005, 1.6012345679012345, 3.432098765432099e-05, 0.3, 102.77777777777777, 997701.9567041551
2.0, 3.222222222222222e-05, 0.01, 0.1, 2.3765432098765433e-05, 0.3222222222222222, 304.44444444444446, 997702.9518534548
0.6518518518518519, 1.8888888888888893e-05, 0.0325, 1.2493827160493827, 2.3765432098765433e-05, 0.3222222222222222, 500.0, 997703.1867595566
0.07407407407407407, 2.5e-05, 0.0325, 0.47530864197530864, 1.555555555555556e-05, 0.3, 5.0, 997703.3977275296
0.4351851851851852, 2.5e-05, 0.0325, 0.3111111111111111, 5e-06, 0.3, 102.77777777777777, 997703.7616391291
0.6518518518518519, 3.222222222222222e-05, 0.1, 1.2493827160493827, 2.3765432098765433e-05, 0.3222222222222222, 304.44444444444446, 997704.0235340494
0.9166666666666667, 3.222222222222222e-05, 0.1, 0.19382716049382714, 8.006172839506173e-05, 0.3, 11.11111111111111, 997704.270409528
2.0, 3.222222222222222e-05, 0.015625, 0.19382716049382714, 1.555555555555556e-05, 0.3888888888888889, 500.0, 997705.2299603235
1.2296296296296296, 3.222222222222222e-05, 0.0325, 0.9444444444444443, 8.006172839506173e-05, 0.5, 29.444444444444443, 997705.345669352
1.2296296296296296, 2.5e-05, 0.01, 1.6012345679012345, 8.006172839506173e-05, 0.3, 60.0, 997705.6809607407
1.2296296296296296, 3.222222222222222e-05, 0.060625000000000005, 0.6864197530864198, 1.555555555555556e-05, 0.5, 60.0, 997706.2167005595
0.26666666666666666, 5e-06, 0.060625000000000005, 0.1234567901234568, 1.555555555555556e-05, 0.3222222222222222, 11.11111111111111, 997706.5099400943
0.6518518518518519, 1.388888888888889e-05, 0.1, 1.2493827160493827, 8.006172839506173e-05, 0.3, 29.444444444444443, 997706.6717882848
1.2296296296296296, 2.5e-05, 0.060625000000000005, 0.19382716049382714, 9.691358024691358e-06, 0.3, 60.0, 997707.5916605184
1.2296296296296296, 2.5e-05, 0.060625000000000005, 1.2493827160493827, 6.246913580246914e-05, 0.3888888888888889, 60.0, 997707.7864899674
1.2296296296296296, 2.5e-05, 0.0325, 0.3111111111111111, 6.17283950617284e-06, 0.3222222222222222, 102.77777777777777, 997707.8274679872
0.9166666666666667, 1.8888888888888893e-05, 0.0325, 1.2493827160493827, 2.3765432098765433e-05, 0.5, 396.1111111111111, 997708.3215130153
0.9166666666666667, 1.388888888888889e-05, 0.060625000000000005, 0.1234567901234568, 8.006172839506173e-05, 0.3222222222222222, 225.0, 997708.3909089072
0.6518518518518519, 4.055555555555556e-05, 0.1, 1.2493827160493827, 4.722222222222223e-05, 0.5, 11.11111111111111, 997708.4530102294
0.26666666666666666, 7.222222222222223e-06, 0.0325, 0.6864197530864198, 2.3765432098765433e-05, 0.3, 11.11111111111111, 997709.0995726642
0.6518518518518519, 1e-05, 0.1, 0.1234567901234568, 4.722222222222223e-05, 0.3222222222222222, 102.77777777777777, 997709.6370721483
0.05, 4.055555555555556e-05, 0.060625000000000005, 1.6012345679012345, 3.432098765432099e-05, 0.5, 60.0, 997710.183666677
0.4351851851851852, 5e-06, 0.0325, 0.47530864197530864, 6.246913580246914e-05, 0.3, 500.0, 997710.2199624132
1.5907407407407408, 5e-05, 0.060625000000000005, 2.0, 3.432098765432099e-05, 0.3888888888888889, 396.1111111111111, 997710.8814512207
1.5907407407407408, 2.5e-05, 0.1, 0.19382716049382714, 5e-06, 0.3888888888888889, 304.44444444444446, 997711.4875745432
0.26666666666666666, 5.555555555555556e-06, 0.1, 0.9444444444444443, 8.006172839506173e-05, 0.5, 5.0, 997712.3369625132
0.4351851851851852, 1e-05, 0.01, 2.0, 3.432098765432099e-05, 0.3, 304.44444444444446, 997712.3482286765
0.4351851851851852, 1e-05, 0.015625, 0.3111111111111111, 0.0001, 0.3222222222222222, 5.0, 997713.9191651241
0.9166666666666667, 1.8888888888888893e-05, 0.01, 0.1234567901234568, 9.691358024691358e-06, 0.3222222222222222, 29.444444444444443, 997714.5223660074
0.05, 1.8888888888888893e-05, 0.0325, 0.3111111111111111, 5e-06, 0.3, 29.444444444444443, 997714.6394560883
2.0, 4.055555555555556e-05, 0.0325, 0.1, 9.691358024691358e-06, 0.3, 60.0, 997715.8179173354
2.0, 3.222222222222222e-05, 0.0325, 0.1, 6.17283950617284e-06, 0.3222222222222222, 157.77777777777777, 997716.444849145
2.0, 3.222222222222222e-05, 0.0325, 0.6864197530864198, 4.722222222222223e-05, 0.3, 157.77777777777777, 997716.4451076337
0.26666666666666666, 5e-05, 0.01, 0.47530864197530864, 6.17283950617284e-06, 0.3888888888888889, 500.0, 997717.6765034043
0.07407407407407407, 3.222222222222222e-05, 0.0325, 1.2493827160493827, 2.3765432098765433e-05, 0.3222222222222222, 60.0, 997718.0402191494
0.4351851851851852, 1e-05, 0.060625000000000005, 0.9444444444444443, 1.555555555555556e-05, 0.3, 157.77777777777777, 997718.1915988652
0.26666666666666666, 5.555555555555556e-06, 0.060625000000000005, 0.9444444444444443, 3.432098765432099e-05, 0.3, 11.11111111111111, 997718.3879508914
1.5907407407407408, 1.8888888888888893e-05, 0.01, 0.6864197530864198, 6.246913580246914e-05, 0.3222222222222222, 500.0, 997718.5078393237
1.2296296296296296, 3.222222222222222e-05, 0.060625000000000005, 0.9444444444444443, 1.555555555555556e-05, 0.5, 157.77777777777777, 997718.7392875924
0.26666666666666666, 3.222222222222222e-05, 0.0325, 0.47530864197530864, 6.17283950617284e-06, 0.3888888888888889, 396.1111111111111, 997719.4636257505
0.07407407407407407, 5e-05, 0.015625, 0.47530864197530864, 6.17283950617284e-06, 0.3888888888888889, 396.1111111111111, 997719.4636257505
0.4351851851851852, 5.555555555555556e-06, 0.015625, 0.47530864197530864, 9.691358024691358e-06, 0.3222222222222222, 157.77777777777777, 997720.1817769129
1.2296296296296296, 1.388888888888889e-05, 0.01, 0.3111111111111111, 0.0001, 0.3888888888888889, 500.0, 997720.6000788416
0.6518518518518519, 2.5e-05, 0.060625000000000005, 2.0, 8.006172839506173e-05, 0.3, 11.11111111111111, 997722.091997649
0.26666666666666666, 5e-06, 0.0325, 0.9444444444444443, 1.555555555555556e-05, 0.3, 102.77777777777777, 997724.901851649
0.26666666666666666, 5e-05, 0.0325, 0.47530864197530864, 6.17283950617284e-06, 0.3, 157.77777777777777, 997725.1356220027
0.4351851851851852, 5.555555555555556e-06, 0.015625, 1.2493827160493827, 4.722222222222223e-05, 0.3, 60.0, 997725.3869663498
0.1462962962962963, 3.222222222222222e-05, 0.01, 2.0, 4.722222222222223e-05, 0.5, 29.444444444444443, 997726.2654844783
0.6518518518518519, 1.388888888888889e-05, 0.060625000000000005, 0.47530864197530864, 6.17283950617284e-06, 0.3222222222222222, 225.0, 997726.8733747737
0.6518518518518519, 7.222222222222223e-06, 0.1, 0.9444444444444443, 6.246913580246914e-05, 0.3222222222222222, 304.44444444444446, 997727.0820011734
0.9166666666666667, 1.388888888888889e-05, 0.1, 1.2493827160493827, 8.006172839506173e-05, 0.3, 60.0, 997727.6992586593
1.2296296296296296, 3.222222222222222e-05, 0.1, 0.1, 4.722222222222223e-05, 0.3888888888888889, 11.11111111111111, 997728.1787373405
0.1462962962962963, 7.222222222222223e-06, 0.060625000000000005, 1.6012345679012345, 6.246913580246914e-05, 0.5, 5.0, 997728.2352747563
2.0, 2.5e-05, 0.015625, 0.19382716049382714, 8.006172839506173e-05, 0.3222222222222222, 225.0, 997728.2438909407
1.2296296296296296, 4.055555555555556e-05, 0.015625, 0.9444444444444443, 3.432098765432099e-05, 0.3222222222222222, 11.11111111111111, 997728.4656118463
2.0, 2.5e-05, 0.0325, 0.47530864197530864, 2.3765432098765433e-05, 0.3222222222222222, 500.0, 997728.8664168948
0.1462962962962963, 3.222222222222222e-05, 0.015625, 0.9444444444444443, 1.555555555555556e-05, 0.5, 60.0, 997728.9732580639
1.5907407407407408, 1.8888888888888893e-05, 0.01, 2.0, 6.246913580246914e-05, 0.3222222222222222, 225.0, 997728.9798561102
0.26666666666666666, 3.222222222222222e-05, 0.01, 0.47530864197530864, 6.17283950617284e-06, 0.3222222222222222, 102.77777777777777, 997729.624128503
0.1462962962962963, 5e-06, 0.060625000000000005, 0.47530864197530864, 6.17283950617284e-06, 0.3222222222222222, 102.77777777777777, 997729.7999528394
1.2296296296296296, 5e-05, 0.01, 0.9444444444444443, 4.722222222222223e-05, 0.3888888888888889, 5.0, 997730.6962634583
1.2296296296296296, 1.8888888888888893e-05, 0.060625000000000005, 2.0, 4.722222222222223e-05, 0.3888888888888889, 102.77777777777777, 997730.7335950879
1.2296296296296296, 1.388888888888889e-05, 0.01, 0.6864197530864198, 8.006172839506173e-05, 0.3222222222222222, 225.0, 997730.9995056931
1.5907407407407408, 1.8888888888888893e-05, 0.060625000000000005, 0.19382716049382714, 8.006172839506173e-05, 0.5, 500.0, 997732.4285100868
0.05, 2.5e-05, 0.1, 0.6864197530864198, 1.555555555555556e-05, 0.3, 5.0, 997732.5406214951
0.4351851851851852, 5.555555555555556e-06, 0.1, 0.9444444444444443, 2.3765432098765433e-05, 0.5, 60.0, 997733.2328753875
0.9166666666666667, 1.8888888888888893e-05, 0.0325, 0.9444444444444443, 2.3765432098765433e-05, 0.5, 29.444444444444443, 997733.684823764
1.5907407407407408, 3.222222222222222e-05, 0.0325, 0.6864197530864198, 8.006172839506173e-05, 0.3222222222222222, 29.444444444444443, 997733.7008382041
1.2296296296296296, 1.8888888888888893e-05, 0.0325, 0.3111111111111111, 8.006172839506173e-05, 0.3, 60.0, 997734.448156507
1.2296296296296296, 1.388888888888889e-05, 0.060625000000000005, 0.1, 1.555555555555556e-05, 0.3888888888888889, 396.1111111111111, 997736.8305176724
0.9166666666666667, 1e-05, 0.015625, 0.1234567901234568, 0.0001, 0.5, 225.0, 997736.959263038
0.07407407407407407, 1.8888888888888893e-05, 0.015625, 0.47530864197530864, 6.17283950617284e-06, 0.5, 60.0, 997738.2614502455
0.6518518518518519, 5.555555555555556e-06, 0.01, 2.0, 6.246913580246914e-05, 0.3222222222222222, 500.0, 997742.0603941866
0.9166666666666667, 1e-05, 0.060625000000000005, 0.1234567901234568, 9.691358024691358e-06, 0.3222222222222222, 225.0, 997742.7068125369
0.9166666666666667, 1.8888888888888893e-05, 0.060625000000000005, 0.6864197530864198, 3.432098765432099e-05, 0.3888888888888889, 11.11111111111111, 997742.8336627143
0.6518518518518519, 7.222222222222223e-06, 0.1, 0.1, 6.246913580246914e-05, 0.3888888888888889, 102.77777777777777, 997745.0145740262
0.26666666666666666, 7.222222222222223e-06, 0.01, 0.6864197530864198, 1.555555555555556e-05, 0.3222222222222222, 5.0, 997745.0868979655
1.2296296296296296, 3.222222222222222e-05, 0.015625, 0.47530864197530864, 8.006172839506173e-05, 0.3, 5.0, 997745.2457585726
0.07407407407407407, 1.8888888888888893e-05, 0.1, 1.2493827160493827, 1.555555555555556e-05, 0.5, 225.0, 997746.3829681993
2.0, 3.222222222222222e-05, 0.01, 2.0, 3.432098765432099e-05, 0.3, 102.77777777777777, 997748.5215938634
2.0, 5e-05, 0.0325, 1.2493827160493827, 1.555555555555556e-05, 0.3, 225.0, 997749.3168457432
1.5907407407407408, 1.8888888888888893e-05, 0.0325, 0.1, 8.006172839506173e-05, 0.3, 157.77777777777777, 997749.3718899769
0.9166666666666667, 1e-05, 0.1, 0.6864197530864198, 4.722222222222223e-05, 0.5, 157.77777777777777, 997749.7596443798
0.4351851851851852, 5e-06, 0.0325, 1.6012345679012345, 2.3765432098765433e-05, 0.3888888888888889, 304.44444444444446, 997751.351815081
0.4351851851851852, 4.055555555555556e-05, 0.0325, 1.2493827160493827, 1.555555555555556e-05, 0.3222222222222222, 157.77777777777777, 997751.6139680246
0.6518518518518519, 5.555555555555556e-06, 0.015625, 1.6012345679012345, 0.0001, 0.3888888888888889, 500.0, 997753.3459593947
0.4351851851851852, 5.555555555555556e-06, 0.1, 1.6012345679012345, 2.3765432098765433e-05, 0.5, 157.77777777777777, 997753.610616583
1.2296296296296296, 2.5e-05, 0.060625000000000005, 0.1, 1.555555555555556e-05, 0.5, 11.11111111111111, 997754.2222328362
2.0, 1.8888888888888893e-05, 0.015625, 0.1234567901234568, 6.246913580246914e-05, 0.3, 396.1111111111111, 997755.3689500736
2.0, 5e-05, 0.015625, 0.19382716049382714, 1.555555555555556e-05, 0.3222222222222222, 11.11111111111111, 997756.6093432329
0.6518518518518519, 5.555555555555556e-06, 0.0325, 0.3111111111111111, 9.691358024691358e-06, 0.5, 500.0, 997756.761984103
0.1462962962962963, 4.055555555555556e-05, 0.01, 0.6864197530864198, 9.691358024691358e-06, 0.3888888888888889, 29.444444444444443, 997757.7749109874
1.5907407407407408, 5e-05, 0.015625, 0.9444444444444443, 2.3765432098765433e-05, 0.5, 11.11111111111111, 997759.801894675
0.4351851851851852, 5.555555555555556e-06, 0.060625000000000005, 0.3111111111111111, 8.006172839506173e-05, 0.5, 5.0, 997759.8664635656
2.0, 3.222222222222222e-05, 0.060625000000000005, 1.2493827160493827, 1.555555555555556e-05, 0.5, 396.1111111111111, 997762.4050152253
1.2296296296296296, 5e-05, 0.01, 0.9444444444444443, 9.691358024691358e-06, 0.5, 304.44444444444446, 997767.2517118617
0.26666666666666666, 1.8888888888888893e-05, 0.01, 2.0, 4.722222222222223e-05, 0.5, 11.11111111111111, 997767.4982769953
0.1462962962962963, 2.5e-05, 0.060625000000000005, 0.9444444444444443, 9.691358024691358e-06, 0.3, 225.0, 997770.9430463901
0.1462962962962963, 2.5e-05, 0.015625, 0.9444444444444443, 9.691358024691358e-06, 0.3222222222222222, 225.0, 997770.9430463901
2.0, 1.8888888888888893e-05, 0.0325, 2.0, 8.006172839506173e-05, 0.3222222222222222, 304.44444444444446, 997772.0133133697
1.2296296296296296, 1.8888888888888893e-05, 0.1, 0.9444444444444443, 1.555555555555556e-05, 0.5, 60.0, 997773.7004807689
1.2296296296296296, 2.5e-05, 0.01, 0.47530864197530864, 2.3765432098765433e-05, 0.5, 5.0, 997777.2828099501
0.26666666666666666, 5.555555555555556e-06, 0.01, 0.6864197530864198, 6.17283950617284e-06, 0.5, 396.1111111111111, 997778.2338376686
2.0, 1.8888888888888893e-05, 0.01, 1.2493827160493827, 6.246913580246914e-05, 0.3, 157.77777777777777, 997779.8302292384
2.0, 2.5e-05, 0.015625, 0.1, 0.0001, 0.3, 60.0, 997780.2722694225
0.05, 1e-05, 0.015625, 0.6864197530864198, 9.691358024691358e-06, 0.3, 11.11111111111111, 997780.3741144321
0.1462962962962963, 1.388888888888889e-05, 0.0325, 0.6864197530864198, 9.691358024691358e-06, 0.3888888888888889, 11.11111111111111, 997780.520324074
1.5907407407407408, 1.8888888888888893e-05, 0.015625, 0.47530864197530864, 5e-06, 0.3, 304.44444444444446, 997781.4449883746
0.9166666666666667, 3.222222222222222e-05, 0.060625000000000005, 2.0, 2.3765432098765433e-05, 0.3, 102.77777777777777, 997782.6981387704
1.5907407407407408, 1.388888888888889e-05, 0.060625000000000005, 0.1, 6.17283950617284e-06, 0.3888888888888889, 500.0, 997782.7918480107
2.0, 5e-05, 0.1, 0.19382716049382714, 4.722222222222223e-05, 0.5, 5.0, 997783.4450608068
1.5907407407407408, 1.388888888888889e-05, 0.0325, 0.19382716049382714, 6.17283950617284e-06, 0.3, 396.1111111111111, 997783.5551435209
2.0, 5e-05, 0.0325, 0.3111111111111111, 4.722222222222223e-05, 0.3222222222222222, 5.0, 997783.700586556
2.0, 2.5e-05, 0.0325, 0.19382716049382714, 3.432098765432099e-05, 0.3, 60.0, 997786.3632753656
1.2296296296296296, 1.8888888888888893e-05, 0.01, 0.1234567901234568, 1.555555555555556e-05, 0.3, 11.11111111111111, 997788.0608602616
1.2296296296296296, 1.388888888888889e-05, 0.0325, 0.1, 4.722222222222223e-05, 0.3888888888888889, 60.0, 997788.0995290804
0.9166666666666667, 7.222222222222223e-06, 0.060625000000000005, 0.6864197530864198, 3.432098765432099e-05, 0.5, 500.0, 997788.185740344
0.1462962962962963, 4.055555555555556e-05, 0.1, 0.9444444444444443, 1.555555555555556e-05, 0.3888888888888889, 5.0, 997790.4856620772
0.9166666666666667, 1.388888888888889e-05, 0.015625, 0.47530864197530864, 4.722222222222223e-05, 0.3, 5.0, 997790.5579320779
0.6518518518518519, 5.555555555555556e-06, 0.0325, 0.47530864197530864, 8.006172839506173e-05, 0.3222222222222222, 102.77777777777777, 997794.8037882892
2.0, 4.055555555555556e-05, 0.015625, 0.47530864197530864, 1.555555555555556e-05, 0.3222222222222222, 11.11111111111111, 997794.888344693
0.6518518518518519, 5e-06, 0.060625000000000005, 0.6864197530864198, 4.722222222222223e-05, 0.5, 225.0, 997795.4945758141
1.5907407407407408, 3.222222222222222e-05, 0.0325, 0.9444444444444443, 6.246913580246914e-05, 0.3222222222222222, 5.0, 997802.3639948741
0.6518518518518519, 7.222222222222223e-06, 0.1, 0.1, 4.722222222222223e-05, 0.3, 11.11111111111111, 997802.686235218
1.2296296296296296, 1.388888888888889e-05, 0.0325, 0.9444444444444443, 9.691358024691358e-06, 0.3222222222222222, 500.0, 997804.2840413994
1.2296296296296296, 1.8888888888888893e-05, 0.01, 0.19382716049382714, 4.722222222222223e-05, 0.3, 5.0, 997807.4661411481
0.4351851851851852, 5e-06, 0.0325, 0.47530864197530864, 5e-06, 0.3888888888888889, 60.0, 997812.5652380905
1.2296296296296296, 1.8888888888888893e-05, 0.0325, 0.6864197530864198, 0.0001, 0.3, 5.0, 997814.9660904331
2.0, 4.055555555555556e-05, 0.015625, 0.19382716049382714, 9.691358024691358e-06, 0.3222222222222222, 5.0, 997816.5985199071
0.4351851851851852, 1e-05, 0.060625000000000005, 0.6864197530864198, 9.691358024691358e-06, 0.3888888888888889, 5.0, 997816.657572258
0.9166666666666667, 7.222222222222223e-06, 0.1, 2.0, 3.432098765432099e-05, 0.3222222222222222, 304.44444444444446, 997818.91256323
0.9166666666666667, 2.5e-05, 0.0325, 2.0, 2.3765432098765433e-05, 0.3888888888888889, 60.0, 997819.2441042413
0.6518518518518519, 1.8888888888888893e-05, 0.1, 0.47530864197530864, 5e-06, 0.3, 11.11111111111111, 997820.5744476675
1.5907407407407408, 1e-05, 0.01, 0.47530864197530864, 9.691358024691358e-06, 0.3222222222222222, 396.1111111111111, 997821.9380746817
1.5907407407407408, 1.8888888888888893e-05, 0.015625, 0.47530864197530864, 1.555555555555556e-05, 0.3, 29.444444444444443, 997824.2754722085
2.0, 3.222222222222222e-05, 0.01, 0.6864197530864198, 4.722222222222223e-05, 0.3, 11.11111111111111, 997825.5143119905
1.2296296296296296, 1e-05, 0.0325, 0.1234567901234568, 5e-06, 0.3, 157.77777777777777, 997825.6027716865
2.0, 1.388888888888889e-05, 0.01, 0.6864197530864198, 4.722222222222223e-05, 0.3888888888888889, 225.0, 997825.8872098307
1.5907407407407408, 1e-05, 0.01, 0.1, 9.691358024691358e-06, 0.3, 304.44444444444446, 997827.7031023318
1.5907407407407408, 1.8888888888888893e-05, 0.060625000000000005, 0.47530864197530864, 0.0001, 0.3888888888888889, 29.444444444444443, 997829.1792389329
0.1462962962962963, 3.222222222222222e-05, 0.060625000000000005, 0.6864197530864198, 5e-06, 0.3222222222222222, 304.44444444444446, 997831.8968471971
0.9166666666666667, 5.555555555555556e-06, 0.01, 0.6864197530864198, 6.246913580246914e-05, 0.3888888888888889, 225.0, 997834.1549433712
2.0, 4.055555555555556e-05, 0.015625, 0.9444444444444443, 3.432098765432099e-05, 0.3, 5.0, 997837.8549786287
0.07407407407407407, 3.222222222222222e-05, 0.1, 0.6864197530864198, 5e-06, 0.3, 225.0, 997839.484347242
0.05, 5e-05, 0.01, 0.6864197530864198, 5e-06, 0.5, 157.77777777777777, 997849.6892536178
0.6518518518518519, 5e-06, 0.015625, 0.3111111111111111, 8.006172839506173e-05, 0.3888888888888889, 29.444444444444443, 997853.6347792395
1.2296296296296296, 3.222222222222222e-05, 0.1, 1.2493827160493827, 9.691358024691358e-06, 0.3888888888888889, 225.0, 997854.4216947749
0.6518518518518519, 5e-06, 0.01, 0.3111111111111111, 6.17283950617284e-06, 0.3888888888888889, 29.444444444444443, 997855.5758269889
0.1462962962962963, 1.8888888888888893e-05, 0.1, 1.2493827160493827, 1.555555555555556e-05, 0.3, 11.11111111111111, 997857.4366235685
0.07407407407407407, 1.8888888888888893e-05, 0.015625, 1.6012345679012345, 1.555555555555556e-05, 0.3888888888888889, 60.0, 997862.447175117
1.2296296296296296, 1e-05, 0.060625000000000005, 0.9444444444444443, 9.691358024691358e-06, 0.3222222222222222, 396.1111111111111, 997863.183919111
0.9166666666666667, 7.222222222222223e-06, 0.1, 0.19382716049382714, 6.246913580246914e-05, 0.3, 60.0, 997863.4596864292
2.0, 1.8888888888888893e-05, 0.01, 0.47530864197530864, 5e-06, 0.5, 102.77777777777777, 997865.0525426298
0.26666666666666666, 1.388888888888889e-05, 0.060625000000000005, 2.0, 1.555555555555556e-05, 0.3888888888888889, 225.0, 997869.9211469564
0.9166666666666667, 5e-06, 0.015625, 1.2493827160493827, 4.722222222222223e-05, 0.5, 304.44444444444446, 997871.9765191306
0.05, 1.388888888888889e-05, 0.0325, 0.9444444444444443, 9.691358024691358e-06, 0.3222222222222222, 11.11111111111111, 997877.5019854907
1.5907407407407408, 1e-05, 0.015625, 1.2493827160493827, 4.722222222222223e-05, 0.3, 157.77777777777777, 997880.1101054256
2.0, 2.5e-05, 0.1, 1.6012345679012345, 1.555555555555556e-05, 0.3, 102.77777777777777, 997880.4174954216
0.4351851851851852, 1e-05, 0.01, 2.0, 1.555555555555556e-05, 0.5, 157.77777777777777, 997889.5496351459
0.07407407407407407, 5e-06, 0.01, 1.2493827160493827, 9.691358024691358e-06, 0.3, 102.77777777777777, 997890.1907765428
0.07407407407407407, 2.5e-05, 0.015625, 1.2493827160493827, 9.691358024691358e-06, 0.3888888888888889, 102.77777777777777, 997890.1920187119
2.0, 2.5e-05, 0.1, 0.9444444444444443, 6.246913580246914e-05, 0.5, 11.11111111111111, 997891.5450230858
0.07407407407407407, 7.222222222222223e-06, 0.0325, 0.9444444444444443, 9.691358024691358e-06, 0.3, 5.0, 997893.299256136
2.0, 3.222222222222222e-05, 0.01, 0.47530864197530864, 6.17283950617284e-06, 0.3888888888888889, 11.11111111111111, 997896.9139521114
1.2296296296296296, 4.055555555555556e-05, 0.01, 0.9444444444444443, 6.17283950617284e-06, 0.3222222222222222, 225.0, 997899.4708567215
0.9166666666666667, 7.222222222222223e-06, 0.015625, 0.3111111111111111, 8.006172839506173e-05, 0.3888888888888889, 11.11111111111111, 997909.3980598237
2.0, 2.5e-05, 0.01, 0.3111111111111111, 3.432098765432099e-05, 0.3888888888888889, 5.0, 997909.6541275834
0.1462962962962963, 5.555555555555556e-06, 0.01, 1.6012345679012345, 1.555555555555556e-05, 0.3888888888888889, 29.444444444444443, 997912.2487662493
1.5907407407407408, 7.222222222222223e-06, 0.015625, 0.1, 0.0001, 0.3888888888888889, 500.0, 997913.2295098752
2.0, 1.8888888888888893e-05, 0.1, 0.6864197530864198, 6.246913580246914e-05, 0.3888888888888889, 29.444444444444443, 997916.3379216979
0.4351851851851852, 5e-06, 0.01, 0.9444444444444443, 6.17283950617284e-06, 0.3222222222222222, 225.0, 997919.5866490396
1.5907407407407408, 1.388888888888889e-05, 0.060625000000000005, 0.19382716049382714, 8.006172839506173e-05, 0.3888888888888889, 29.444444444444443, 997919.8559786165
0.4351851851851852, 5.555555555555556e-06, 0.01, 1.6012345679012345, 2.3765432098765433e-05, 0.3888888888888889, 5.0, 997921.1436548478
0.1462962962962963, 1.388888888888889e-05, 0.060625000000000005, 2.0, 2.3765432098765433e-05, 0.3222222222222222, 11.11111111111111, 997923.3419754006
2.0, 4.055555555555556e-05, 0.01, 1.6012345679012345, 9.691358024691358e-06, 0.3222222222222222, 500.0, 997926.3420884891
2.0, 1.8888888888888893e-05, 0.060625000000000005, 0.9444444444444443, 6.17283950617284e-06, 0.3888888888888889, 500.0, 997928.5038997576
2.0, 1e-05, 0.015625, 0.3111111111111111, 6.246913580246914e-05, 0.5, 225.0, 997930.26636765
1.5907407407407408, 1e-05, 0.1, 0.47530864197530864, 1.555555555555556e-05, 0.3222222222222222, 102.77777777777777, 997940.0322749563
0.26666666666666666, 5e-05, 0.01, 0.6864197530864198, 5e-06, 0.3888888888888889, 11.11111111111111, 997947.1734005921
2.0, 1.388888888888889e-05, 0.0325, 0.3111111111111111, 1.555555555555556e-05, 0.3, 60.0, 997947.567323897
2.0, 2.5e-05, 0.01, 1.6012345679012345, 9.691358024691358e-06, 0.5, 396.1111111111111, 997948.9428934741
2.0, 1e-05, 0.015625, 0.6864197530864198, 6.17283950617284e-06, 0.5, 500.0, 997953.3500627229
0.9166666666666667, 5.555555555555556e-06, 0.015625, 1.2493827160493827, 6.246913580246914e-05, 0.3, 29.444444444444443, 997955.477934927
1.5907407407407408, 7.222222222222223e-06, 0.0325, 0.47530864197530864, 3.432098765432099e-05, 0.3, 396.1111111111111, 997958.3180396473
0.9166666666666667, 5e-06, 0.1, 0.1234567901234568, 8.006172839506173e-05, 0.3, 102.77777777777777, 997960.1104721122
1.2296296296296296, 7.222222222222223e-06, 0.01, 2.0, 1.555555555555556e-05, 0.5, 396.1111111111111, 997961.580418063
1.2296296296296296, 1e-05, 0.1, 0.19382716049382714, 1.555555555555556e-05, 0.3222222222222222, 5.0, 997976.8386597773
0.9166666666666667, 5.555555555555556e-06, 0.0325, 2.0, 2.3765432098765433e-05, 0.3222222222222222, 102.77777777777777, 997980.1838946677
1.2296296296296296, 5.555555555555556e-06, 0.015625, 1.6012345679012345, 3.432098765432099e-05, 0.3, 157.77777777777777, 997981.8650581087
2.0, 4.055555555555556e-05, 0.1, 0.9444444444444443, 5e-06, 0.3222222222222222, 225.0, 997990.5340511748
0.9166666666666667, 5e-06, 0.060625000000000005, 0.1, 1.555555555555556e-05, 0.5, 60.0, 997990.82107319
1.5907407407407408, 7.222222222222223e-06, 0.1, 0.1, 2.3765432098765433e-05, 0.3, 396.1111111111111, 997991.1324629099
2.0, 1e-05, 0.1, 0.6864197530864198, 3.432098765432099e-05, 0.3888888888888889, 157.77777777777777, 997996.391121763
1.2296296296296296, 7.222222222222223e-06, 0.015625, 0.1, 1.555555555555556e-05, 0.3, 29.444444444444443, 997997.4352483992
2.0, 1.8888888888888893e-05, 0.0325, 0.1, 0.0001, 0.5, 5.0, 997999.7954015429
0.9166666666666667, 4.055555555555556e-05, 0.015625, 1.2493827160493827, 6.17283950617284e-06, 0.3222222222222222, 500.0, 998001.5405091522
2.0, 1e-05, 0.0325, 0.9444444444444443, 8.006172839506173e-05, 0.3, 102.77777777777777, 998003.8288778848
0.05, 5e-05, 0.01, 1.6012345679012345, 9.691358024691358e-06, 0.5, 102.77777777777777, 998004.0846261922
1.2296296296296296, 1.388888888888889e-05, 0.01, 0.9444444444444443, 5e-06, 0.5, 225.0, 998012.1421783727
1.5907407407407408, 7.222222222222223e-06, 0.060625000000000005, 0.6864197530864198, 0.0001, 0.3888888888888889, 225.0, 998016.4277136703
2.0, 7.222222222222223e-06, 0.0325, 0.3111111111111111, 3.432098765432099e-05, 0.3222222222222222, 396.1111111111111, 998016.9912934449
1.2296296296296296, 5.555555555555556e-06, 0.015625, 1.2493827160493827, 2.3765432098765433e-05, 0.3222222222222222, 102.77777777777777, 998018.2141720005
0.05, 4.055555555555556e-05, 0.015625, 1.2493827160493827, 9.691358024691358e-06, 0.3222222222222222, 11.11111111111111, 998018.4742884412
1.2296296296296296, 5e-06, 0.01, 0.19382716049382714, 2.3765432098765433e-05, 0.3, 102.77777777777777, 998022.5804281363
1.2296296296296296, 5.555555555555556e-06, 0.01, 0.47530864197530864, 3.432098765432099e-05, 0.5, 60.0, 998024.586891281
0.07407407407407407, 7.222222222222223e-06, 0.01, 0.9444444444444443, 5e-06, 0.3888888888888889, 102.77777777777777, 998027.6170618697
1.5907407407407408, 1.8888888888888893e-05, 0.1, 0.9444444444444443, 6.17283950617284e-06, 0.3, 60.0, 998031.6234012735
1.5907407407407408, 5e-06, 0.01, 1.2493827160493827, 0.0001, 0.3222222222222222, 396.1111111111111, 998036.550041487
0.05, 4.055555555555556e-05, 0.060625000000000005, 1.2493827160493827, 9.691358024691358e-06, 0.3888888888888889, 5.0, 998037.5557988218
1.5907407407407408, 7.222222222222223e-06, 0.060625000000000005, 0.19382716049382714, 1.555555555555556e-05, 0.5, 157.77777777777777, 998038.1069721468
0.26666666666666666, 5e-05, 0.015625, 2.0, 9.691358024691358e-06, 0.5, 225.0, 998040.840688466
0.26666666666666666, 1.8888888888888893e-05, 0.0325, 1.6012345679012345, 9.691358024691358e-06, 0.5, 60.0, 998053.3437184223
1.2296296296296296, 1e-05, 0.0325, 1.6012345679012345, 9.691358024691358e-06, 0.3, 157.77777777777777, 998057.1757662923
1.2296296296296296, 5e-05, 0.0325, 1.2493827160493827, 9.691358024691358e-06, 0.3, 5.0, 998058.1237162356
1.5907407407407408, 5.555555555555556e-06, 0.0325, 1.2493827160493827, 3.432098765432099e-05, 0.5, 304.44444444444446, 998064.3722053391
0.9166666666666667, 5.555555555555556e-06, 0.015625, 0.47530864197530864, 6.17283950617284e-06, 0.3, 5.0, 998064.5587363855
2.0, 1.388888888888889e-05, 0.0325, 0.19382716049382714, 5e-06, 0.3888888888888889, 11.11111111111111, 998066.6502715498
0.6518518518518519, 1e-05, 0.1, 2.0, 9.691358024691358e-06, 0.5, 157.77777777777777, 998070.5297865976
0.1462962962962963, 3.222222222222222e-05, 0.0325, 1.2493827160493827, 6.17283950617284e-06, 0.3888888888888889, 102.77777777777777, 998083.7711315082
0.07407407407407407, 2.5e-05, 0.1, 1.2493827160493827, 6.17283950617284e-06, 0.3222222222222222, 102.77777777777777, 998083.7711315082
0.9166666666666667, 5e-06, 0.01, 0.9444444444444443, 6.17283950617284e-06, 0.3, 102.77777777777777, 998093.8910954229
0.9166666666666667, 5e-06, 0.1, 1.2493827160493827, 3.432098765432099e-05, 0.3222222222222222, 5.0, 998102.8799912425
0.05, 2.5e-05, 0.1, 2.0, 1.555555555555556e-05, 0.5, 5.0, 998121.2585988691
0.4351851851851852, 4.055555555555556e-05, 0.060625000000000005, 2.0, 1.555555555555556e-05, 0.3222222222222222, 5.0, 998122.4918203179
0.07407407407407407, 4.055555555555556e-05, 0.0325, 1.6012345679012345, 6.17283950617284e-06, 0.3888888888888889, 500.0, 998139.5718130742
2.0, 5.555555555555556e-06, 0.01, 0.1234567901234568, 3.432098765432099e-05, 0.5, 225.0, 998140.9950187467
2.0, 7.222222222222223e-06, 0.0325, 0.1234567901234568, 5e-06, 0.3888888888888889, 60.0, 998141.9002586631
2.0, 5.555555555555556e-06, 0.060625000000000005, 0.6864197530864198, 8.006172839506173e-05, 0.5, 157.77777777777777, 998145.0556030012
1.5907407407407408, 1.8888888888888893e-05, 0.060625000000000005, 1.2493827160493827, 5e-06, 0.5, 304.44444444444446, 998151.8527399383
1.5907407407407408, 7.222222222222223e-06, 0.015625, 2.0, 3.432098765432099e-05, 0.3, 29.444444444444443, 998152.1668886674
2.0, 1e-05, 0.015625, 0.1234567901234568, 2.3765432098765433e-05, 0.3222222222222222, 11.11111111111111, 998162.9030234253
1.5907407407407408, 5.555555555555556e-06, 0.060625000000000005, 0.47530864197530864, 5e-06, 0.3, 157.77777777777777, 998167.1748162088
0.1462962962962963, 5e-06, 0.01, 1.6012345679012345, 6.17283950617284e-06, 0.5, 225.0, 998172.8220271653
0.4351851851851852, 7.222222222222223e-06, 0.1, 1.6012345679012345, 6.17283950617284e-06, 0.3888888888888889, 225.0, 998175.4955557907
1.2296296296296296, 7.222222222222223e-06, 0.1, 2.0, 1.555555555555556e-05, 0.5, 60.0, 998175.9667408161
0.26666666666666666, 2.5e-05, 0.0325, 1.2493827160493827, 6.17283950617284e-06, 0.3222222222222222, 29.444444444444443, 998178.4945836698
1.5907407407407408, 7.222222222222223e-06, 0.015625, 1.6012345679012345, 8.006172839506173e-05, 0.3, 5.0, 998186.57969935
2.0, 7.222222222222223e-06, 0.0325, 0.19382716049382714, 9.691358024691358e-06, 0.3, 29.444444444444443, 998187.3961501988
2.0, 7.222222222222223e-06, 0.0325, 2.0, 0.0001, 0.3222222222222222, 29.444444444444443, 998187.4537289795
2.0, 7.222222222222223e-06, 0.0325, 2.0, 4.722222222222223e-05, 0.3222222222222222, 29.444444444444443, 998197.5464232708
0.05, 1.8888888888888893e-05, 0.1, 1.2493827160493827, 5e-06, 0.5, 102.77777777777777, 998201.1494644867
2.0, 7.222222222222223e-06, 0.01, 0.47530864197530864, 5e-06, 0.3222222222222222, 60.0, 998211.9954829911
2.0, 5.555555555555556e-06, 0.060625000000000005, 0.3111111111111111, 4.722222222222223e-05, 0.3222222222222222, 29.444444444444443, 998229.322199899
0.1462962962962963, 4.055555555555556e-05, 0.1, 2.0, 9.691358024691358e-06, 0.3222222222222222, 29.444444444444443, 998230.1880889586
1.5907407407407408, 7.222222222222223e-06, 0.0325, 0.6864197530864198, 9.691358024691358e-06, 0.5, 5.0, 998240.9757576046
1.5907407407407408, 5e-06, 0.1, 2.0, 8.006172839506173e-05, 0.3888888888888889, 60.0, 998251.5867125562
0.1462962962962963, 2.5e-05, 0.0325, 1.6012345679012345, 6.17283950617284e-06, 0.3222222222222222, 60.0, 998279.3811505864
1.2296296296296296, 5e-06, 0.1, 0.47530864197530864, 5e-06, 0.3888888888888889, 11.11111111111111, 998283.7249904217
2.0, 5.555555555555556e-06, 0.1, 0.9444444444444443, 4.722222222222223e-05, 0.3, 11.11111111111111, 998287.0056912238
2.0, 5e-06, 0.015625, 0.1234567901234568, 1.555555555555556e-05, 0.3888888888888889, 29.444444444444443, 998296.4468118801
0.9166666666666667, 5e-05, 0.015625, 2.0, 9.691358024691358e-06, 0.3888888888888889, 5.0, 998312.5664701882
1.5907407407407408, 5e-06, 0.1, 0.19382716049382714, 5e-06, 0.3888888888888889, 11.11111111111111, 998320.496555933
0.6518518518518519, 5e-05, 0.01, 1.6012345679012345, 5e-06, 0.3888888888888889, 304.44444444444446, 998323.383424208
2.0, 7.222222222222223e-06, 0.060625000000000005, 0.9444444444444443, 9.691358024691358e-06, 0.3888888888888889, 11.11111111111111, 998331.372137
0.26666666666666666, 1.388888888888889e-05, 0.1, 1.2493827160493827, 5e-06, 0.3222222222222222, 11.11111111111111, 998331.7236347127
1.2296296296296296, 1e-05, 0.1, 1.6012345679012345, 5e-06, 0.3, 500.0, 998347.6232708824
0.1462962962962963, 7.222222222222223e-06, 0.0325, 2.0, 6.17283950617284e-06, 0.3222222222222222, 157.77777777777777, 998351.1997862412
1.5907407407407408, 2.5e-05, 0.060625000000000005, 2.0, 6.17283950617284e-06, 0.3222222222222222, 102.77777777777777, 998388.5355650347
1.5907407407407408, 1e-05, 0.1, 1.6012345679012345, 9.691358024691358e-06, 0.3, 11.11111111111111, 998390.6708799789
0.1462962962962963, 2.5e-05, 0.060625000000000005, 1.6012345679012345, 6.17283950617284e-06, 0.3888888888888889, 5.0, 998391.7334309116
0.26666666666666666, 5.555555555555556e-06, 0.01, 1.6012345679012345, 6.17283950617284e-06, 0.3, 5.0, 998399.5818231235
1.2296296296296296, 5.555555555555556e-06, 0.015625, 2.0, 6.17283950617284e-06, 0.3888888888888889, 225.0, 998412.7405286268
2.0, 7.222222222222223e-06, 0.015625, 1.6012345679012345, 9.691358024691358e-06, 0.5, 29.444444444444443, 998415.2918576298
0.6518518518518519, 5e-06, 0.015625, 1.2493827160493827, 5e-06, 0.3, 11.11111111111111, 998418.8776343302
2.0, 1.388888888888889e-05, 0.01, 1.2493827160493827, 5e-06, 0.3, 29.444444444444443, 998439.0130322352
0.07407407407407407, 3.222222222222222e-05, 0.01, 2.0, 5e-06, 0.3222222222222222, 225.0, 998448.1241002263
0.4351851851851852, 1.8888888888888893e-05, 0.1, 2.0, 5e-06, 0.3, 157.77777777777777, 998460.7956784313
2.0, 1.8888888888888893e-05, 0.1, 2.0, 6.17283950617284e-06, 0.3888888888888889, 60.0, 998467.2081618212
0.9166666666666667, 5e-05, 0.060625000000000005, 1.6012345679012345, 5e-06, 0.3, 29.444444444444443, 998477.1768061959
1.2296296296296296, 5.555555555555556e-06, 0.1, 2.0, 6.17283950617284e-06, 0.3888888888888889, 102.77777777777777, 998484.2173808797
0.4351851851851852, 3.222222222222222e-05, 0.015625, 2.0, 6.17283950617284e-06, 0.5, 11.11111111111111, 998514.1400368423
0.4351851851851852, 5e-05, 0.015625, 1.6012345679012345, 5e-06, 0.5, 5.0, 998524.7013642958
0.07407407407407407, 3.222222222222222e-05, 0.060625000000000005, 2.0, 6.17283950617284e-06, 0.3, 5.0, 998528.3023870622
0.05, 5.555555555555556e-06, 0.01, 2.0, 5e-06, 0.3888888888888889, 29.444444444444443, 998550.0871029464
0.4351851851851852, 5e-06, 0.015625, 2.0, 5e-06, 0.3, 5.0, 998609.0602902918
0.9166666666666667, 5e-06, 0.015625, 2.0, 6.17283950617284e-06, 0.5, 11.11111111111111, 998610.8600197318