1672185600000,4.47800000,4.48200000,4.47600000,4.48100000,1783.22000000,1672185899999,7985.04370000,46,1319.58000000,5909.22187000,0
1672185900000,4.48100000,4.48300000,4.47400000,4.47700000,3533.67000000,1672186199999,15828.94922000,68,2115.50000000,9478.04062000,0
1672186200000,4.47600000,4.47600000,4.47400000,4.47400000,2391.23000000,1672186499999,10699.72294000,23,1019.84000000,4563.05973000,0
1672186500000,4.47300000,4.47500000,4.47100000,4.47200000,2674.52000000,1672186799999,11962.97417000,49,784.19000000,3507.62428000,0
1672186800000,4.47100000,4.47100000,4.46800000,4.46900000,2865.61000000,1672187099999,12808.05243000,34,1033.14000000,4617.20554000,0
1672187100000,4.46900000,4.47200000,4.46900000,4.47200000,1718.12000000,1672187399999,7680.88630000,27,816.86000000,3651.35284000,0
1672187400000,4.47100000,4.47100000,4.47100000,4.47100000,752.28000000,1672187699999,3363.44388000,16,466.61000000,2086.21331000,0
1672187700000,4.47100000,4.47400000,4.47100000,4.47300000,1468.46000000,1672187999999,6566.94583000,26,1277.47000000,5712.85490000,0
1672188000000,4.47400000,4.47600000,4.47300000,4.47600000,680.54000000,1672188299999,3045.60906000,20,556.41000000,2490.06360000,0
1672188300000,4.47600000,4.47600000,4.47300000,4.47400000,1296.42000000,1672188599999,5800.92817000,19,451.80000000,2021.35320000,0
1672188600000,4.47400000,4.47400000,4.46800000,4.46800000,2849.31000000,1672188899999,12734.27131000,28,256.13000000,1145.21952000,0
1672188900000,4.46800000,4.46800000,4.46100000,4.46700000,3991.93000000,1672189199999,17825.82904000,65,2124.36000000,9485.62520000,0
1672189200000,4.46800000,4.46800000,4.46500000,4.46500000,879.53000000,1672189499999,3928.82748000,11,455.27000000,2033.68436000,0
1672189500000,4.46600000,4.46600000,4.45400000,4.45500000,6916.11000000,1672189799999,30833.81300000,96,524.19000000,2339.47980000,0
1672189800000,4.45800000,4.45900000,4.43800000,4.45100000,19003.91000000,1672190099999,84502.55207000,391,10108.97000000,44955.07967000,0
1672190100000,4.45100000,4.45500000,4.45000000,4.45000000,3594.03000000,1672190399999,16002.69272000,49,2501.11000000,11137.51966000,0
1672190400000,4.45000000,4.45900000,4.44700000,4.45900000,4777.49000000,1672190699999,21274.70024000,92,2252.78000000,10033.55045000,0
1672190700000,4.45900000,4.47100000,4.45900000,4.47100000,3248.99000000,1672190999999,14504.89183000,80,2404.44000000,10736.19875000,0
1672191000000,4.47100000,4.48100000,4.47100000,4.47700000,2181.97000000,1672191299999,9769.16972000,70,843.14000000,3774.81774000,0
1672191300000,4.47600000,4.47600000,4.46900000,4.46900000,1985.94000000,1672191599999,8878.80855000,59,628.29000000,2808.29876000,0
1672191600000,4.46900000,4.46900000,4.46400000,4.46400000,1399.59000000,1672191899999,6251.65510000,29,722.54000000,3227.24170000,0
1672191900000,4.46500000,4.46700000,4.46500000,4.46700000,690.47000000,1672192199999,3083.17418000,13,355.82000000,1588.95908000,0
1672192200000,4.46900000,4.46900000,4.46500000,4.46500000,1084.80000000,1672192499999,4844.66262000,25,747.64000000,3339.05317000,0
1672192500000,4.46500000,4.46600000,4.46100000,4.46400000,816.97000000,1672192799999,3646.31635000,37,363.56000000,1622.89073000,0
1672192800000,4.46300000,4.46600000,4.46300000,4.46600000,856.11000000,1672193099999,3822.36639000,19,856.11000000,3822.36639000,0
1672193100000,4.46700000,4.47000000,4.46600000,4.46700000,1343.03000000,1672193399999,6000.91469000,39,628.25000000,2807.02852000,0
1672193400000,4.46700000,4.46700000,4.45800000,4.45800000,2926.12000000,1672193699999,13058.92149000,63,1165.46000000,5198.33233000,0
1672193700000,4.45900000,4.46100000,4.45500000,4.45500000,1736.28000000,1672193999999,7737.92002000,39,972.36000000,4333.12931000,0
1672194000000,4.45600000,4.45800000,4.45400000,4.45800000,1448.68000000,1672194299999,6454.67238000,26,1255.32000000,5592.83107000,0
1672194300000,4.45800000,4.46200000,4.45800000,4.45900000,1287.86000000,1672194599999,5742.04768000,28,435.91000000,1943.57299000,0
1672194600000,4.45800000,4.46100000,4.45700000,4.46100000,1024.19000000,1672194899999,4566.84807000,29,41.65000000,185.76621000,0
1672194900000,4.46200000,4.46300000,4.45500000,4.45500000,1304.31000000,1672195199999,5816.00447000,46,711.98000000,3175.42122000,0
1672195200000,4.45400000,4.45700000,4.45000000,4.45700000,1969.94000000,1672195499999,8772.75254000,58,1253.43000000,5583.24344000,0
1672195500000,4.45600000,4.45700000,4.45600000,4.45700000,950.34000000,1672195799999,4235.06793000,26,10.84000000,48.31388000,0
1672195800000,4.45800000,4.46000000,4.45700000,4.45700000,1350.43000000,1672196099999,6020.67361000,35,491.95000000,2193.25895000,0
1672196100000,4.45800000,4.46000000,4.45700000,4.45700000,361.89000000,1672196399999,1613.51533000,17,155.88000000,695.05218000,0
1672196400000,4.45500000,4.45500000,4.44100000,4.44400000,4722.22000000,1672196699999,21010.05416000,123,2081.85000000,9265.13939000,0
1672196700000,4.44500000,4.44700000,4.43700000,4.43700000,3034.51000000,1672196999999,13474.07913000,90,267.55000000,1188.00515000,0
1672197000000,4.43600000,4.43700000,4.40600000,4.41000000,20680.59000000,1672197299999,91424.43007000,441,7654.57000000,33844.30014000,0
1672197300000,4.41000000,4.42300000,4.40600000,4.42300000,8392.73000000,1672197599999,37032.84237000,84,5922.73000000,26142.77027000,0
1672197600000,4.42300000,4.43200000,4.42100000,4.43000000,4289.38000000,1672197899999,18984.08378000,66,1627.61000000,7208.83204000,0
1672197900000,4.42900000,4.43000000,4.42300000,4.42500000,2268.85000000,1672198199999,10042.50307000,36,1270.77000000,5624.72348000,0
1672198200000,4.42500000,4.43400000,4.42500000,4.43400000,1825.71000000,1672198499999,8085.24917000,72,1380.81000000,6115.96051000,0
1672198500000,4.43300000,4.43500000,4.43000000,4.43100000,1350.86000000,1672198799999,5986.14474000,28,256.01000000,1134.63085000,0
1672198800000,4.43000000,4.43200000,4.42800000,4.43200000,1842.41000000,1672199099999,8160.68403000,32,773.50000000,3427.06744000,0
1672199100000,4.43100000,4.43600000,4.43100000,4.43500000,835.54000000,1672199399999,3704.94132000,21,636.45000000,2822.52397000,0
1672199400000,4.43500000,4.43500000,4.43300000,4.43400000,958.86000000,1672199699999,4251.66962000,17,697.71000000,3093.73948000,0
1672199700000,4.43400000,4.43500000,4.43300000,4.43400000,669.06000000,1672199999999,2966.67202000,18,233.30000000,1034.57518000,0
1672200000000,4.43300000,4.43400000,4.42400000,4.42400000,6155.11000000,1672200299999,27251.62295000,104,2340.94000000,10359.94292000,0
1672200300000,4.42400000,4.42700000,4.42400000,4.42700000,1095.49000000,1672200599999,4848.47999000,21,980.08000000,4337.72685000,0
1672200600000,4.42800000,4.43400000,4.42800000,4.43400000,467.95000000,1672200899999,2072.60371000,15,262.00000000,1160.56819000,0
1672200900000,4.43300000,4.44000000,4.43300000,4.44000000,1820.63000000,1672201199999,8078.66172000,44,1159.47000000,5147.02977000,0
1672201200000,4.44100000,4.44100000,4.43700000,4.43800000,1357.34000000,1672201499999,6024.54068000,24,452.55000000,2008.44011000,0
1672201500000,4.43800000,4.43900000,4.43800000,4.43900000,257.43000000,1672201799999,1142.52015000,12,217.22000000,964.05747000,0
1672201800000,4.43800000,4.43800000,4.43600000,4.43600000,820.29000000,1672202099999,3639.76312000,22,347.40000000,1541.29916000,0
1672202100000,4.43500000,4.43700000,4.43500000,4.43700000,1225.65000000,1672202399999,5436.48143000,18,897.61000000,3981.42261000,0
1672202400000,4.43700000,4.44100000,4.43700000,4.44100000,822.71000000,1672202699999,3651.88669000,16,820.11000000,3640.34789000,0
1672202700000,4.44200000,4.44400000,4.43900000,4.43900000,2382.81000000,1672202999999,10581.71315000,55,1061.53000000,4714.79280000,0
1672203000000,4.44000000,4.44300000,4.44000000,4.44300000,1142.79000000,1672203299999,5075.07318000,16,1142.79000000,5075.07318000,0
1672203300000,4.44300000,4.44300000,4.43900000,4.43900000,3101.14000000,1672203599999,13769.57418000,36,1280.68000000,5686.70787000,0
1672203600000,4.43800000,4.43900000,4.43100000,4.43800000,1251.78000000,1672203899999,5552.78143000,41,741.40000000,3289.30077000,0
1672203900000,4.43800000,4.44300000,4.43800000,4.44300000,915.33000000,1672204199999,4064.82507000,21,886.33000000,3936.08807000,0
1672204200000,4.44200000,4.44400000,4.43800000,4.43800000,5278.21000000,1672204499999,23450.72586000,51,2128.38000000,9456.66851000,0
1672204500000,4.43800000,4.43900000,4.43700000,4.43700000,867.17000000,1672204799999,3848.60996000,8,521.29000000,2313.59765000,0
1672204800000,4.43600000,4.44100000,4.43500000,4.44100000,2004.59000000,1672205099999,8897.81245000,34,1506.95000000,6690.28505000,0
1672205100000,4.44000000,4.44000000,4.42400000,4.42400000,4072.54000000,1672205399999,18057.55036000,99,847.91000000,3760.04949000,0
1672205400000,4.42700000,4.42700000,4.40700000,4.41500000,11824.79000000,1672205699999,52183.38985000,247,4217.34000000,18608.53674000,0
1672205700000,4.41800000,4.41800000,4.40700000,4.40700000,2930.61000000,1672205999999,12934.63857000,48,917.95000000,4051.83340000,0
1672206000000,4.40600000,4.40600000,4.26700000,4.28400000,105904.19000000,1672206299999,459793.22306000,2062,37213.82000000,161377.68082000,0
1672206300000,4.28400000,4.32900000,4.28200000,4.30000000,73445.74000000,1672206599999,315860.61418000,1186,31114.65000000,133728.99510000,0
1672206600000,4.30200000,4.32200000,4.30200000,4.31400000,7455.21000000,1672206899999,32159.11301000,143,3331.46000000,14364.12569000,0
1672206900000,4.31600000,4.32100000,4.30900000,4.32000000,6503.88000000,1672207199999,28054.38436000,137,3062.42000000,13212.54360000,0
1672207200000,4.31900000,4.33200000,4.31300000,4.33200000,7408.98000000,1672207499999,31997.31417000,159,3306.18000000,14281.61584000,0
1672207500000,4.33000000,4.33200000,4.32500000,4.32700000,7158.22000000,1672207799999,30983.61070000,133,2927.70000000,12672.29333000,0
1672207800000,4.32800000,4.33500000,4.31900000,4.32200000,10489.33000000,1672208099999,45412.65260000,181,3730.52000000,16149.98740000,0
1672208100000,4.32400000,4.33200000,4.32300000,4.32900000,21205.61000000,1672208399999,91791.67088000,172,7790.30000000,33724.02714000,0
1672208400000,4.32900000,4.33000000,4.32600000,4.33000000,3108.47000000,1672208699999,13454.36381000,62,1526.97000000,6609.43876000,0
1672208700000,4.33000000,4.33700000,4.32700000,4.33300000,15688.64000000,1672208999999,67958.66796000,202,9932.48000000,43022.85288000,0
1672209000000,4.33100000,4.33500000,4.32800000,4.32800000,2225.23000000,1672209299999,9640.21044000,61,1125.68000000,4877.32888000,0
1672209300000,4.32800000,4.33200000,4.32600000,4.33000000,1788.53000000,1672209599999,7742.71931000,50,1114.83000000,4826.76709000,0
1672209600000,4.32900000,4.33000000,4.32300000,4.32400000,3213.20000000,1672209899999,13897.85910000,72,1057.43000000,4573.25129000,0
1672209900000,4.32400000,4.32600000,4.31900000,4.31900000,8578.76000000,1672210199999,37091.34191000,106,2071.51000000,8957.64190000,0
1672210200000,4.31900000,4.32500000,4.31900000,4.32000000,2628.13000000,1672210499999,11357.94793000,64,914.48000000,3952.70631000,0
1672210500000,4.32200000,4.32600000,4.32000000,4.32600000,1817.76000000,1672210799999,7858.44797000,44,1357.43000000,5868.71419000,0
1672210800000,4.32600000,4.33800000,4.32500000,4.33800000,4368.09000000,1672211099999,18925.71122000,100,2077.77000000,9001.53751000,0
1672211100000,4.33900000,4.34300000,4.33600000,4.34200000,6155.85000000,1672211399999,26714.30343000,107,2942.79000000,12770.33494000,0
1672211400000,4.34200000,4.34600000,4.33900000,4.34600000,7158.02000000,1672211699999,31080.80031000,143,3535.10000000,15352.57378000,0
1672211700000,4.34600000,4.35300000,4.34600000,4.35000000,4205.79000000,1672211999999,18293.01664000,97,2178.72000000,9475.61293000,0
1672212000000,4.35100000,4.35100000,4.34600000,4.35000000,2219.15000000,1672212299999,9650.86138000,47,1587.82000000,6905.43906000,0
1672212300000,4.35000000,4.35300000,4.34900000,4.34900000,2294.14000000,1672212599999,9982.50871000,62,1080.68000000,4702.84279000,0
1672212600000,4.34800000,4.35500000,4.34700000,4.35000000,10909.67000000,1672212899999,47458.78248000,184,5133.62000000,22336.41812000,0
1672212900000,4.35100000,4.35300000,4.34700000,4.35100000,2813.60000000,1672213199999,12238.81698000,55,1638.40000000,7127.60039000,0
1672213200000,4.35100000,4.35200000,4.34600000,4.34600000,2125.57000000,1672213499999,9245.17596000,52,481.42000000,2093.91375000,0
1672213500000,4.34600000,4.35000000,4.34500000,4.35000000,4120.97000000,1672213799999,17911.26855000,58,2945.35000000,12802.17074000,0
1672213800000,4.34800000,4.35000000,4.34600000,4.34800000,2420.78000000,1672214099999,10526.11738000,45,1337.19000000,5815.21375000,0
1672214100000,4.34900000,4.35900000,4.34900000,4.35600000,5010.01000000,1672214399999,21818.44066000,72,4047.17000000,17624.99338000,0
1672214400000,4.35600000,4.36400000,4.34900000,4.36200000,4396.03000000,1672214699999,19145.66533000,152,1916.79000000,8351.06339000,0
1672214700000,4.36100000,4.36200000,4.35300000,4.35300000,2121.01000000,1672214999999,9241.06932000,52,370.60000000,1614.83568000,0
1672215000000,4.35400000,4.35600000,4.35000000,4.35200000,3063.01000000,1672215299999,13338.60300000,45,597.79000000,2602.94828000,0
1672215300000,4.35300000,4.35600000,4.35300000,4.35500000,1050.85000000,1672215599999,4576.35519000,20,555.23000000,2417.76935000,0
1672215600000,4.35500000,4.35600000,4.35300000,4.35300000,3606.91000000,1672215899999,15707.68278000,43,1448.26000000,6307.33462000,0
1672215900000,4.35400000,4.35500000,4.34900000,4.34900000,1249.81000000,1672216199999,5440.25443000,54,472.35000000,2056.56054000,0
1672216200000,4.35000000,4.35200000,4.34000000,4.34600000,3216.39000000,1672216499999,13972.86630000,62,2353.83000000,10223.44165000,0
1672216500000,4.34700000,4.35300000,4.34700000,4.35200000,2960.06000000,1672216799999,12878.89736000,43,1091.05000000,4747.02851000,0
1672216800000,4.35300000,4.35300000,4.34500000,4.34600000,1971.23000000,1672217099999,8575.48473000,48,801.97000000,3489.23130000,0
1672217100000,4.34600000,4.34600000,4.34400000,4.34400000,173.72000000,1672217399999,754.86552000,10,128.39000000,557.95200000,0
1672217400000,4.34600000,4.34900000,4.34600000,4.34900000,400.08000000,1672217699999,1739.18878000,9,380.56000000,1654.33134000,0
1672217700000,4.34900000,4.35000000,4.34600000,4.34700000,1135.64000000,1672217999999,4938.42753000,19,852.52000000,3707.23682000,0
1672218000000,4.34600000,4.34900000,4.34500000,4.34600000,3569.66000000,1672218299999,15517.79330000,38,724.23000000,3148.78522000,0
1672218300000,4.34600000,4.35200000,4.34500000,4.34800000,3291.11000000,1672218599999,14316.20698000,52,2241.34000000,9749.17941000,0
1672218600000,4.34700000,4.34700000,4.33800000,4.34300000,4212.48000000,1672218899999,18285.62114000,94,1977.04000000,8581.69394000,0
1672218900000,4.34300000,4.34500000,4.34000000,4.34400000,1126.16000000,1672219199999,4889.79035000,23,470.22000000,2042.37052000,0
1672219200000,4.34600000,4.34700000,4.34400000,4.34400000,2620.56000000,1672219499999,11385.92244000,50,542.04000000,2355.84553000,0
1672219500000,4.34200000,4.34500000,4.34200000,4.34500000,1331.89000000,1672219799999,5785.52147000,26,1095.21000000,4757.27744000,0
1672219800000,4.34500000,4.35100000,4.34500000,4.35000000,2456.92000000,1672220099999,10677.75116000,42,2144.49000000,9319.53807000,0
1672220100000,4.35100000,4.35500000,4.35100000,4.35400000,2978.08000000,1672220399999,12963.91167000,38,1903.27000000,8284.07938000,0
1672220400000,4.35400000,4.35400000,4.34800000,4.34900000,821.99000000,1672220699999,3576.71849000,21,409.05000000,1780.67071000,0
1672220700000,4.34900000,4.35700000,4.34900000,4.35700000,1500.37000000,1672220999999,6528.43709000,38,1449.24000000,6305.85885000,0
1672221000000,4.35700000,4.36000000,4.35700000,4.35700000,1667.61000000,1672221299999,7268.52263000,35,1134.40000000,4945.02568000,0
1672221300000,4.35700000,4.35700000,4.34200000,4.34600000,2833.09000000,1672221599999,12307.49393000,62,782.04000000,3398.27313000,0
1672221600000,4.34600000,4.34600000,4.34100000,4.34500000,2092.77000000,1672221899999,9089.35427000,44,666.32000000,2893.70245000,0
1672221900000,4.34600000,4.34600000,4.34200000,4.34200000,1332.23000000,1672222199999,5786.24689000,24,814.33000000,3536.57065000,0
1672222200000,4.34300000,4.35300000,4.34200000,4.35000000,4587.81000000,1672222499999,19942.28425000,76,2603.33000000,11317.13949000,0
1672222500000,4.34900000,4.35100000,4.34600000,4.35000000,1991.84000000,1672222799999,8661.37132000,39,1219.31000000,5302.47544000,0
1672222800000,4.35000000,4.35100000,4.34900000,4.34900000,6013.37000000,1672223099999,26157.83858000,57,1145.56000000,4982.91756000,0
1672223100000,4.34800000,4.34900000,4.34500000,4.34500000,1695.75000000,1672223399999,7371.53335000,27,575.15000000,2500.51950000,0
1672223400000,4.34400000,4.34400000,4.33700000,4.34100000,4359.75000000,1672223699999,18922.70013000,72,2227.57000000,9669.43738000,0
1672223700000,4.34100000,4.34100000,4.33700000,4.33800000,4689.29000000,1672223999999,20347.14906000,64,1495.51000000,6490.13952000,0
1672224000000,4.33800000,4.34200000,4.33700000,4.34000000,12952.14000000,1672224299999,56204.68676000,234,8383.82000000,36381.53716000,0
1672224300000,4.34000000,4.34700000,4.33800000,4.33900000,5326.57000000,1672224599999,23129.96806000,102,2923.53000000,12691.90634000,0
1672224600000,4.33800000,4.34500000,4.33800000,4.34400000,4988.82000000,1672224899999,21663.58061000,91,2531.99000000,10995.48688000,0
1672224900000,4.34400000,4.34400000,4.33900000,4.34200000,3198.85000000,1672225199999,13888.25457000,83,1128.08000000,4896.61449000,0
1672225200000,4.34200000,4.34700000,4.34100000,4.34500000,4214.78000000,1672225499999,18311.43424000,80,2224.49000000,9663.91019000,0
1672225500000,4.34600000,4.35100000,4.34600000,4.35100000,5695.26000000,1672225799999,24770.11121000,115,4365.12000000,18983.52999000,0
1672225800000,4.35000000,4.35400000,4.34800000,4.35300000,2797.49000000,1672226099999,12172.12095000,52,1183.54000000,5148.87700000,0
1672226100000,4.35300000,4.35300000,4.34400000,4.34500000,1566.97000000,1672226399999,6809.94998000,41,487.63000000,2119.21768000,0
1672226400000,4.34500000,4.35200000,4.34500000,4.35200000,2366.73000000,1672226699999,10295.11421000,68,1582.75000000,6885.43038000,0
1672226700000,4.35200000,4.35400000,4.34900000,4.34900000,2684.78000000,1672226999999,11684.05779000,53,1550.52000000,6748.31252000,0
1672227000000,4.35000000,4.35100000,4.35000000,4.35100000,1256.36000000,1672227299999,5465.77733000,39,1099.07000000,4781.56583000,0
1672227300000,4.35000000,4.35100000,4.34700000,4.34700000,3312.96000000,1672227599999,14406.88352000,66,1783.66000000,7756.83040000,0
1672227600000,4.34800000,4.35300000,4.34800000,4.35000000,1529.68000000,1672227899999,6653.45039000,54,1433.92000000,6236.76326000,0
1672227900000,4.35100000,4.35200000,4.34900000,4.35000000,1605.27000000,1672228199999,6982.85578000,57,1521.70000000,6619.33628000,0
1672228200000,4.35000000,4.35200000,4.35000000,4.35100000,2325.61000000,1672228499999,10117.89088000,43,1145.20000000,4983.04040000,0
1672228500000,4.35100000,4.35200000,4.35000000,4.35000000,1396.11000000,1672228799999,6074.86896000,34,963.22000000,4191.60384000,0
1672228800000,4.35100000,4.35100000,4.34300000,4.34400000,1435.60000000,1672229099999,6240.03854000,65,1199.99000000,5215.92883000,0
1672229100000,4.34400000,4.35800000,4.34300000,4.35000000,6641.48000000,1672229399999,28883.79234000,130,2993.59000000,13023.98797000,0
1672229400000,4.35000000,4.35000000,4.34800000,4.34900000,3260.89000000,1672229699999,14180.89398000,75,2461.28000000,10703.78328000,0
1672229700000,4.34800000,4.34900000,4.34300000,4.34300000,1218.38000000,1672229999999,5295.44643000,36,389.30000000,1692.68181000,0
1672230000000,4.34300000,4.34600000,4.34100000,4.34600000,1735.38000000,1672230299999,7537.31936000,44,1227.99000000,5333.59978000,0
1672230300000,4.34500000,4.34500000,4.34100000,4.34300000,942.45000000,1672230599999,4092.01628000,37,576.84000000,2504.15964000,0
1672230600000,4.34300000,4.34300000,4.33800000,4.34000000,5925.66000000,1672230899999,25715.95613000,109,2407.50000000,10448.32539000,0
1672230900000,4.33900000,4.34600000,4.33800000,4.34200000,1571.56000000,1672231199999,6820.71582000,37,1152.41000000,5001.49872000,0
1672231200000,4.34200000,4.34300000,4.34000000,4.34200000,2029.13000000,1672231499999,8808.56886000,38,1304.12000000,5661.81546000,0
1672231500000,4.34000000,4.34200000,4.34000000,4.34100000,1283.87000000,1672231799999,5572.71090000,35,1015.76000000,4408.91350000,0
1672231800000,4.34100000,4.34200000,4.33800000,4.34200000,2114.71000000,1672232099999,9176.71808000,127,1240.37000000,5382.97983000,0
1672232100000,4.34200000,4.34300000,4.34000000,4.34000000,1787.28000000,1672232399999,7758.47990000,29,664.97000000,2887.49094000,0
1672232400000,4.33900000,4.34300000,4.33900000,4.34300000,1886.75000000,1672232699999,8189.63875000,33,1760.26000000,7640.79864000,0
1672232700000,4.34300000,4.34300000,4.33500000,4.33700000,2220.88000000,1672232999999,9633.08697000,54,1561.80000000,6774.08038000,0
1672233000000,4.33700000,4.34000000,4.33700000,4.33800000,1111.32000000,1672233299999,4820.42450000,18,403.39000000,1749.78405000,0
1672233300000,4.33700000,4.34200000,4.33600000,4.34100000,1698.30000000,1672233599999,7370.64681000,84,1481.02000000,6427.48745000,0
1672233600000,4.34000000,4.34200000,4.34000000,4.34200000,1173.05000000,1672233899999,5092.38049000,30,1018.48000000,4421.53792000,0
1672233900000,4.34200000,4.34200000,4.34000000,4.34000000,1618.99000000,1672234199999,7027.67181000,26,608.02000000,2639.47803000,0
1672234200000,4.34000000,4.34000000,4.33700000,4.33800000,1683.34000000,1672234499999,7303.54702000,27,380.33000000,1650.13451000,0
1672234500000,4.33900000,4.34200000,4.33900000,4.34100000,847.53000000,1672234799999,3679.46467000,17,759.84000000,3298.83648000,0
1672234800000,4.34000000,4.34200000,4.34000000,4.34200000,1799.58000000,1672235099999,7811.33659000,33,984.74000000,4274.75376000,0
1672235100000,4.34200000,4.34500000,4.34100000,4.34200000,3045.23000000,1672235399999,13223.34503000,62,1824.23000000,7921.63168000,0
1672235400000,4.34200000,4.34200000,4.34000000,4.34100000,929.42000000,1672235699999,4034.71127000,28,536.21000000,2327.68761000,0
1672235700000,4.34000000,4.34000000,4.33500000,4.33600000,5275.43000000,1672235999999,22880.24857000,64,1581.25000000,6856.35745000,0
1672236000000,4.33600000,4.33900000,4.33600000,4.33800000,1980.14000000,1672236299999,8586.86718000,24,1792.75000000,7774.15675000,0
1672236300000,4.33700000,4.34400000,4.33700000,4.34400000,2310.14000000,1672236599999,10026.22573000,45,1897.39000000,8234.29024000,0
1672236600000,4.34300000,4.34300000,4.34000000,4.34000000,1382.92000000,1672236899999,6005.11387000,29,580.35000000,2520.06648000,0
1672236900000,4.34100000,4.34300000,4.34000000,4.34000000,761.39000000,1672237199999,3306.09975000,29,420.49000000,1826.08940000,0
1672237200000,4.34000000,4.34000000,4.33100000,4.33100000,4081.10000000,1672237499999,17695.47200000,96,1592.67000000,6904.53122000,0
1672237500000,4.33100000,4.33200000,4.32700000,4.32900000,4417.12000000,1672237799999,19121.08557000,96,2666.95000000,11544.22731000,0
1672237800000,4.33100000,4.36000000,4.32400000,4.35300000,14592.44000000,1672238099999,63432.14693000,289,8153.94000000,35440.65457000,0
1672238100000,4.35600000,4.36300000,4.34800000,4.35300000,4179.95000000,1672238399999,18213.05242000,99,1804.87000000,7866.24168000,0
1672238400000,4.35400000,4.37500000,4.35300000,4.36400000,12253.69000000,1672238699999,53490.86402000,179,8398.25000000,36662.20654000,0
1672238700000,4.36700000,4.37700000,4.36400000,4.37400000,3891.25000000,1672238999999,17009.94299000,76,3326.92000000,14542.40277000,0
1672239000000,4.37300000,4.37700000,4.36000000,4.36100000,3066.86000000,1672239299999,13399.63760000,80,997.47000000,4357.18609000,0
1672239300000,4.36200000,4.36500000,4.36000000,4.36100000,1821.83000000,1672239599999,7947.25980000,42,996.02000000,4345.91004000,0
1672239600000,4.36100000,4.38700000,4.36100000,4.38500000,13575.24000000,1672239899999,59445.28169000,245,10282.68000000,45021.69340000,0
1672239900000,4.38300000,4.38600000,4.37800000,4.38000000,3402.28000000,1672240199999,14908.28410000,73,2959.34000000,12967.86549000,0
1672240200000,4.38000000,4.38000000,4.37600000,4.37800000,1024.96000000,1672240499999,4487.41879000,25,191.89000000,840.11740000,0
1672240500000,4.37900000,4.38200000,4.37400000,4.37600000,3270.59000000,1672240799999,14322.63636000,57,2262.78000000,9911.85377000,0
1672240800000,4.37500000,4.37800000,4.37200000,4.37300000,2639.90000000,1672241099999,11552.06676000,59,575.54000000,2518.58176000,0
1672241100000,4.37300000,4.37300000,4.35100000,4.35900000,7043.48000000,1672241399999,30707.55400000,96,1786.25000000,7783.85102000,0
1672241400000,4.35700000,4.36200000,4.35600000,4.35800000,2467.53000000,1672241699999,10755.36624000,65,1163.95000000,5074.80067000,0
1672241700000,4.35600000,4.35600000,4.33800000,4.34600000,11594.37000000,1672241999999,50416.39178000,132,3088.36000000,13430.00590000,0
1672242000000,4.34500000,4.35000000,4.34300000,4.34400000,1344.14000000,1672242299999,5841.22361000,35,784.54000000,3409.99440000,0
1672242300000,4.34300000,4.35100000,4.33900000,4.34800000,3815.70000000,1672242599999,16575.57270000,78,2103.41000000,9138.21835000,0
1672242600000,4.34800000,4.34800000,4.33800000,4.33900000,4661.25000000,1672242899999,20249.53035000,87,1166.23000000,5062.99629000,0
1672242900000,4.33800000,4.34000000,4.31900000,4.32000000,7893.71000000,1672243199999,34156.63597000,150,2675.25000000,11575.40271000,0
1672243200000,4.32000000,4.33300000,4.31500000,4.33200000,33476.47000000,1672243499999,144624.78842000,216,26205.13000000,113212.69528000,0
1672243500000,4.33200000,4.33200000,4.32500000,4.32800000,4698.00000000,1672243799999,20335.60987000,96,3099.06000000,13415.23997000,0
1672243800000,4.32900000,4.33400000,4.32700000,4.32900000,6297.16000000,1672244099999,27274.08133000,79,3395.16000000,14706.77480000,0
1672244100000,4.32800000,4.33100000,4.32600000,4.33100000,1915.25000000,1672244399999,8288.10123000,47,1432.59000000,6199.79677000,0
1672244400000,4.33200000,4.33600000,4.33200000,4.33300000,2361.51000000,1672244699999,10233.91355000,51,1906.35000000,8261.61585000,0
1672244700000,4.33300000,4.36500000,4.33300000,4.36200000,21217.45000000,1672244999999,92345.69704000,251,17602.82000000,76605.88208000,0
1672245000000,4.36200000,4.36200000,4.34000000,4.34000000,8167.58000000,1672245299999,35523.32706000,136,1415.75000000,6157.41661000,0
1672245300000,4.34000000,4.34000000,4.33100000,4.33300000,7713.91000000,1672245599999,33436.06422000,103,5013.28000000,21730.53603000,0
1672245600000,4.33200000,4.33700000,4.32600000,4.33200000,4314.42000000,1672245899999,18683.92363000,105,1702.91000000,7373.85128000,0
1672245900000,4.33200000,4.33200000,4.31400000,4.31900000,6292.25000000,1672246199999,27191.97494000,126,1925.00000000,8310.37922000,0
1672246200000,4.31800000,4.33200000,4.31600000,4.32500000,5860.90000000,1672246499999,25335.35504000,88,3605.74000000,15582.28117000,0
1672246500000,4.32300000,4.32300000,4.31800000,4.32200000,4718.10000000,1672246799999,20386.31581000,88,2541.16000000,10979.58016000,0
1672246800000,4.32200000,4.32500000,4.31200000,4.31200000,6930.09000000,1672247099999,29930.09076000,177,1317.35000000,5687.64938000,0
1672247100000,4.31200000,4.32200000,4.31200000,4.32100000,5957.99000000,1672247399999,25716.86689000,113,3765.67000000,16253.31126000,0
1672247400000,4.32100000,4.32100000,4.31600000,4.31600000,1037.06000000,1672247699999,4477.44842000,26,258.08000000,1114.02518000,0
1672247700000,4.31600000,4.32200000,4.31500000,4.32200000,1421.34000000,1672247999999,6137.68091000,45,1212.79000000,5237.61016000,0
1672248000000,4.32200000,4.32800000,4.31700000,4.32400000,8586.22000000,1672248299999,37107.71228000,131,3312.53000000,14317.57857000,0
1672248300000,4.32500000,4.32500000,4.32200000,4.32200000,2329.33000000,1672248599999,10069.43095000,73,342.36000000,1480.07465000,0
1672248600000,4.32300000,4.32500000,4.32200000,4.32500000,2747.75000000,1672248899999,11878.26806000,90,834.68000000,3607.85724000,0
1672248900000,4.32500000,4.32500000,4.31800000,4.31900000,3576.11000000,1672249199999,15459.65193000,90,183.30000000,792.49760000,0
1672249200000,4.31900000,4.32100000,4.31800000,4.31800000,1787.85000000,1672249499999,7722.17706000,40,1031.39000000,4455.11902000,0
1672249500000,4.31900000,4.32400000,4.31900000,4.32100000,1649.21000000,1672249799999,7127.77810000,40,954.61000000,4125.61200000,0
1672249800000,4.32200000,4.32200000,4.32100000,4.32200000,595.44000000,1672250099999,2572.98662000,23,90.38000000,390.62236000,0
1672250100000,4.32200000,4.32300000,4.32100000,4.32100000,1745.68000000,1672250399999,7543.96218000,50,550.02000000,2377.00873000,0
1672250400000,4.32000000,4.32800000,4.32000000,4.32600000,6128.17000000,1672250699999,26499.03890000,144,2254.51000000,9748.72806000,0
1672250700000,4.32500000,4.32500000,4.31900000,4.32000000,1861.46000000,1672250999999,8044.05863000,37,1039.66000000,4491.61725000,0
1672251000000,4.32300000,4.32400000,4.31800000,4.31800000,2125.55000000,1672251299999,9184.05501000,38,945.96000000,4086.20619000,0
1672251300000,4.31800000,4.32000000,4.31600000,4.31900000,1127.73000000,1672251599999,4869.20803000,19,240.49000000,1038.10506000,0
1672251600000,4.32000000,4.32000000,4.31400000,4.31500000,2795.24000000,1672251899999,12072.89555000,47,435.35000000,1880.46823000,0
1672251900000,4.31500000,4.31800000,4.31400000,4.31800000,2900.84000000,1672252199999,12519.22633000,42,1819.49000000,7853.13036000,0
1672252200000,4.31900000,4.31900000,4.31000000,4.31200000,2501.43000000,1672252499999,10787.40171000,63,1295.94000000,5587.57797000,0
1672252500000,4.31200000,4.31200000,4.30700000,4.31000000,1935.20000000,1672252799999,8337.84961000,57,1404.69000000,6052.04223000,0
1672252800000,4.31000000,4.31300000,4.30900000,4.30900000,1363.24000000,1672253099999,5876.53371000,47,920.12000000,3966.60724000,0
1672253100000,4.30900000,4.31200000,4.30500000,4.30600000,3688.36000000,1672253399999,15892.50575000,67,2208.36000000,9515.54204000,0
1672253400000,4.30600000,4.31000000,4.30400000,4.31000000,2817.84000000,1672253699999,12135.89711000,60,1373.01000000,5913.57991000,0
1672253700000,4.31100000,4.31100000,4.30700000,4.30800000,3443.83000000,1672253999999,14839.75341000,54,1253.54000000,5402.10739000,0
1672254000000,4.30800000,4.31600000,4.30800000,4.31500000,2100.83000000,1672254299999,9056.59957000,54,1303.16000000,5618.65517000,0
1672254300000,4.31400000,4.31600000,4.31000000,4.31000000,2399.84000000,1672254599999,10351.29606000,41,492.69000000,2125.39870000,0
1672254600000,4.31000000,4.31500000,4.31000000,4.31400000,3086.85000000,1672254899999,13309.22078000,60,2732.17000000,11779.99965000,0
1672254900000,4.31300000,4.31300000,4.30900000,4.31100000,3096.52000000,1672255199999,13346.59362000,47,2249.20000000,9694.12808000,0
1672255200000,4.31100000,4.31200000,4.30500000,4.30600000,2749.20000000,1672255499999,11844.18829000,74,1128.19000000,4860.35455000,0
1672255500000,4.30600000,4.30800000,4.30400000,4.30500000,3145.66000000,1672255799999,13544.51715000,68,1830.45000000,7881.17149000,0
1672255800000,4.30500000,4.30800000,4.30400000,4.30500000,1676.73000000,1672256099999,7219.67442000,28,900.95000000,3879.96268000,0
1672256100000,4.30400000,4.30800000,4.30300000,4.30500000,3898.42000000,1672256399999,16784.89163000,62,2360.59000000,10164.76321000,0
1672256400000,4.30600000,4.31000000,4.30500000,4.30700000,2617.24000000,1672256699999,11271.94244000,50,858.69000000,3698.17512000,0
1672256700000,4.30600000,4.30900000,4.30600000,4.30700000,1326.22000000,1672256999999,5712.25152000,43,778.94000000,3354.79596000,0
1672257000000,4.30800000,4.30800000,4.30000000,4.30300000,7751.43000000,1672257299999,33347.80367000,141,1991.61000000,8567.20022000,0
1672257300000,4.30200000,4.30400000,4.29100000,4.29800000,16271.39000000,1672257599999,69929.53441000,206,4411.78000000,18951.25249000,0
1672257600000,4.29700000,4.30300000,4.29700000,4.29900000,4017.69000000,1672257899999,17276.21413000,69,2071.71000000,8907.35325000,0
1672257900000,4.29900000,4.30600000,4.29900000,4.30400000,5006.45000000,1672258199999,21538.78615000,89,3971.02000000,17082.64997000,0
1672258200000,4.30500000,4.30700000,4.30500000,4.30700000,1079.88000000,1672258499999,4649.73915000,24,275.28000000,1185.29738000,0
1672258500000,4.30700000,4.31200000,4.30700000,4.31100000,1569.07000000,1672258799999,6760.76211000,38,1423.41000000,6132.82185000,0
1672258800000,4.31100000,4.31200000,4.30900000,4.31000000,2564.60000000,1672259099999,11053.93992000,39,564.84000000,2434.11348000,0
1672259100000,4.30900000,4.31200000,4.30900000,4.31200000,1924.75000000,1672259399999,8296.20801000,37,1860.92000000,8021.02688000,0
1672259400000,4.31300000,4.31600000,4.31300000,4.31400000,2332.36000000,1672259699999,10063.41558000,44,615.97000000,2657.81139000,0
1672259700000,4.31400000,4.31400000,4.31200000,4.31300000,1598.16000000,1672259999999,6892.83199000,21,793.72000000,3423.59685000,0
1672260000000,4.31200000,4.32000000,4.31200000,4.31300000,7380.29000000,1672260299999,31851.72086000,61,7110.00000000,30685.97240000,0
1672260300000,4.31300000,4.31500000,4.31100000,4.31500000,1618.08000000,1672260599999,6976.63022000,33,829.48000000,3576.31119000,0
1672260600000,4.31500000,4.31800000,4.31500000,4.31600000,1248.42000000,1672260899999,5388.27994000,30,394.48000000,1702.97348000,0
1672260900000,4.31700000,4.31800000,4.31500000,4.31500000,1692.29000000,1672261199999,7304.09883000,42,179.09000000,773.03029000,0
1672261200000,4.31500000,4.31500000,4.30900000,4.30900000,893.75000000,1672261499999,3855.01901000,35,280.46000000,1210.07325000,0
1672261500000,4.30900000,4.31100000,4.30100000,4.31100000,6707.81000000,1672261799999,28892.74185000,125,3573.92000000,15395.49226000,0
1672261800000,4.31100000,4.31300000,4.30700000,4.30700000,1529.86000000,1672262099999,6594.41609000,51,591.11000000,2548.28008000,0
1672262100000,4.30700000,4.31100000,4.30700000,4.31100000,766.56000000,1672262399999,3302.07823000,16,659.40000000,2840.53704000,0
1672262400000,4.31100000,4.31100000,4.30800000,4.30800000,661.36000000,1672262699999,2850.15557000,25,231.48000000,997.60716000,0
1672262700000,4.30700000,4.30700000,4.25200000,4.27100000,49952.84000000,1672262999999,213615.34441000,863,17981.95000000,76883.29905000,0
1672263000000,4.27200000,4.27800000,4.24200000,4.25900000,28349.32000000,1672263299999,120631.74981000,480,7748.94000000,32980.42097000,0
1672263300000,4.26000000,4.26300000,4.25200000,4.26000000,6454.19000000,1672263599999,27494.68834000,138,2658.76000000,11327.78578000,0
1672263600000,4.26000000,4.26200000,4.24800000,4.25900000,9413.17000000,1672263899999,40071.62274000,188,4644.37000000,19764.53105000,0
1672263900000,4.25800000,4.26900000,4.25800000,4.26800000,2808.43000000,1672264199999,11978.94603000,68,1366.27000000,5826.10144000,0
1672264200000,4.26800000,4.27000000,4.26300000,4.26800000,1935.24000000,1672264499999,8258.36366000,57,1205.61000000,5145.56166000,0
1672264500000,4.26900000,4.27000000,4.26500000,4.26900000,2167.63000000,1672264799999,9250.15921000,45,1067.89000000,4557.40650000,0
1672264800000,4.26900000,4.26900000,4.26300000,4.26800000,5351.39000000,1672265099999,22828.30175000,106,1922.67000000,8202.68088000,0
1672265100000,4.26800000,4.27100000,4.24800000,4.25300000,9884.08000000,1672265399999,42101.65658000,159,3422.05000000,14580.65465000,0
1672265400000,4.25200000,4.25900000,4.25200000,4.25800000,3408.42000000,1672265699999,14507.62377000,66,1667.48000000,7097.77442000,0
1672265700000,4.25800000,4.25800000,4.25100000,4.25700000,2967.56000000,1672265999999,12621.74444000,75,726.82000000,3090.53011000,0
1672266000000,4.25700000,4.25800000,4.25600000,4.25700000,1932.76000000,1672266299999,8227.60891000,35,1448.11000000,6164.74698000,0
1672266300000,4.25700000,4.25800000,4.25500000,4.25600000,614.24000000,1672266599999,2614.61867000,29,124.17000000,528.63382000,0
1672266600000,4.25500000,4.26400000,4.25500000,4.26400000,1779.53000000,1672266899999,7579.46618000,53,956.14000000,4071.12139000,0
1672266900000,4.26500000,4.26700000,4.26200000,4.26500000,1753.96000000,1672267199999,7480.17564000,67,424.49000000,1810.60309000,0
1672267200000,4.26400000,4.26500000,4.25600000,4.25600000,1740.88000000,1672267499999,7420.08471000,55,297.56000000,1268.40492000,0
1672267500000,4.25600000,4.26400000,4.25600000,4.26400000,288.87000000,1672267799999,1230.95512000,19,263.33000000,1122.12918000,0
1672267800000,4.26500000,4.26500000,4.26000000,4.26200000,1219.85000000,1672268099999,5198.57400000,42,642.06000000,2736.45817000,0
1672268100000,4.26200000,4.26500000,4.26200000,4.26400000,1733.98000000,1672268399999,7392.67346000,28,741.37000000,3160.33962000,0
1672268400000,4.26500000,4.27200000,4.26500000,4.27000000,6599.19000000,1672268699999,28162.93715000,182,5435.13000000,23194.37700000,0
1672268700000,4.27000000,4.27500000,4.27000000,4.27500000,2674.30000000,1672268999999,11421.96953000,46,1828.41000000,7809.84994000,0
1672269000000,4.27400000,4.27400000,4.27100000,4.27100000,2636.28000000,1672269299999,11261.72297000,56,1182.60000000,5051.38645000,0
1672269300000,4.27200000,4.27700000,4.27100000,4.27500000,1216.18000000,1672269599999,5197.30492000,37,767.49000000,3280.33366000,0
1672269600000,4.27500000,4.27500000,4.26900000,4.27400000,3503.46000000,1672269899999,14967.87350000,86,1935.94000000,8271.31339000,0
1672269900000,4.27500000,4.28000000,4.27500000,4.27900000,1218.19000000,1672270199999,5210.55570000,37,630.47000000,2696.23466000,0
1672270200000,4.27900000,4.28200000,4.27900000,4.28200000,4311.67000000,1672270499999,18452.52964000,48,2303.56000000,9859.16361000,0
1672270500000,4.28100000,4.28400000,4.28100000,4.28100000,1636.60000000,1672270799999,7007.79466000,37,835.97000000,3579.76172000,0
1672270800000,4.28100000,4.28100000,4.27800000,4.28000000,1603.35000000,1672271099999,6861.59837000,40,236.32000000,1011.12300000,0
1672271100000,4.28200000,4.28300000,4.28000000,4.28100000,419.29000000,1672271399999,1795.23413000,21,90.08000000,385.73805000,0
1672271400000,4.28100000,4.28300000,4.27800000,4.28000000,1557.60000000,1672271699999,6667.61004000,46,866.66000000,3709.71531000,0
1672271700000,4.28000000,4.28500000,4.28000000,4.28400000,1511.38000000,1672271999999,6472.87254000,64,277.45000000,1188.01774000,0
